Sockets successfully created
data sent
{"Protocol": "UDP", "RSSI": -47, "RTT": -1.0, "new_BSSID": false}
data sent
{"Protocol": "UDP", "RSSI": -47, "RTT": -1.0, "new_BSSID": false}
data sent
{"Protocol": "TCP", "RSSI": -47, "RTT": 0.0, "new_BSSID": false}
data sent
{"Protocol": "UDP", "RSSI": -47, "RTT": -1.0, "new_BSSID": false}
data sent
{"Protocol": "UDP", "RSSI": -47, "RTT": -1.0, "new_BSSID": false}
data sent
{"Protocol": "UDP", "RSSI": -47, "RTT": -1.0, "new_BSSID": false}
data sent
{"Protocol": "UDP", "RSSI": -47, "RTT": -1.0, "new_BSSID": false}
data sent
{"Protocol": "TCP", "RSSI": -47, "RTT": 0.0, "new_BSSID": false}
data sent
{"Protocol": "TCP", "RSSI": -47, "RTT": 0.002742, "new_BSSID": false}
data sent
{"Protocol": "TCP", "RSSI": -47, "RTT": 0.0, "new_BSSID": false}
data sent
{"Protocol": "TCP", "RSSI": -47, "RTT": 0.0, "new_BSSID": false}
data sent
{"Protocol": "TCP", "RSSI": -47, "RTT": 0.0, "new_BSSID": false}
data sent
{"Protocol": "TCP", "RSSI": -47, "RTT": 0.000325, "new_BSSID": false}
data sent
{"Protocol": "TCP", "RSSI": -47, "RTT": 0.0, "new_BSSID": false}
data sent
{"Protocol": "TCP", "RSSI": -47, "RTT": 0.0, "new_BSSID": false}
data sent
{"Protocol": "TCP", "RSSI": -47, "RTT": 0.0, "new_BSSID": false}
data sent
{"Protocol": "TCP", "RSSI": -47, "RTT": 0.000261, "new_BSSID": false}
data sent
{"Protocol": "UDP", "RSSI": -47, "RTT": -1.0, "new_BSSID": false}
data sent
{"Protocol": "UDP", "RSSI": -47, "RTT": -1.0, "new_BSSID": false}
data sent
{"Protocol": "UDP", "RSSI": -47, "RTT": -1.0, "new_BSSID": false}
data sent
{"Protocol": "UDP", "RSSI": -47, "RTT": -1.0, "new_BSSID": false}
data sent
{"Protocol": "TCP", "RSSI": -47, "RTT": 0.0, "new_BSSID": false}
data sent
{"Protocol": "TCP", "RSSI": -49, "RTT": 0.0, "new_BSSID": false}
data sent
{"Protocol": "TCP", "RSSI": -49, "RTT": 0.000266, "new_BSSID": false}
data sent
{"Protocol": "UDP", "RSSI": -49, "RTT": -1.0, "new_BSSID": false}
data sent
{"Protocol": "UDP", "RSSI": -49, "RTT": -1.0, "new_BSSID": false}
data sent
{"Protocol": "UDP", "RSSI": -49, "RTT": -1.0, "new_BSSID": false}
data sent
{"Protocol": "TCP", "RSSI": -49, "RTT": 0.0, "new_BSSID": false}
data sent
{"Protocol": "TCP", "RSSI": -49, "RTT": 0.0, "new_BSSID": false}
data sent
{"Protocol": "TCP", "RSSI": -49, "RTT": 0.000216, "new_BSSID": false}
data sent
{"Protocol": "UDP", "RSSI": -49, "RTT": -1.0, "new_BSSID": false}
data sent
{"Protocol": "UDP", "RSSI": -49, "RTT": -1.0, "new_BSSID": false}
data sent
{"Protocol": "UDP", "RSSI": -49, "RTT": -1.0, "new_BSSID": false}
data sent
{"Protocol": "UDP", "RSSI": -49, "RTT": -1.0, "new_BSSID": false}
data sent
{"Protocol": "UDP", "RSSI": -49, "RTT": -1.0, "new_BSSID": false}
data sent
{"Protocol": "TCP", "RSSI": -49, "RTT": 0.0, "new_BSSID": false}
data sent
{"Protocol": "TCP", "RSSI": -49, "RTT": 0.0, "new_BSSID": false}
data sent
{"Protocol": "TCP", "RSSI": -49, "RTT": 0.0, "new_BSSID": false}
data sent
{"Protocol": "TCP", "RSSI": -49, "RTT": 0.0, "new_BSSID": false}
data sent
{"Protocol": "TCP", "RSSI": -49, "RTT": 0.0, "new_BSSID": false}
data sent
{"Protocol": "TCP", "RSSI": -49, "RTT": 0.0, "new_BSSID": false}
data sent
{"Protocol": "TCP", "RSSI": -49, "RTT": 0.0, "new_BSSID": false}
data sent
{"Protocol": "TCP", "RSSI": -49, "RTT": 0.0, "new_BSSID": false}
data sent
{"Protocol": "TCP", "RSSI": -49, "RTT": 0.0, "new_BSSID": false}
data sent
{"Protocol": "TCP", "RSSI": -49, "RTT": 0.0, "new_BSSID": false}
data sent
{"Protocol": "TCP", "RSSI": -49, "RTT": 0.0, "new_BSSID": false}
data sent
{"Protocol": "TCP", "RSSI": -49, "RTT": 0.0, "new_BSSID": false}
data sent
{"Protocol": "TCP", "RSSI": -49, "RTT": 0.0, "new_BSSID": false}
data sent
{"Protocol": "TCP", "RSSI": -49, "RTT": 0.0, "new_BSSID": false}
data sent
{"Protocol": "TCP", "RSSI": -49, "RTT": 0.0, "new_BSSID": false}
data sent
{"Protocol": "TCP", "RSSI": -49, "RTT": 0.000566, "new_BSSID": false}
data sent
{"Protocol": "TCP", "RSSI": -49, "RTT": 0.0, "new_BSSID": false}
data sent
{"Protocol": "TCP", "RSSI": -49, "RTT": 6.8e-05, "new_BSSID": false}
data sent
{"Protocol": "UDP", "RSSI": -49, "RTT": -1.0, "new_BSSID": false}
data sent
{"Protocol": "UDP", "RSSI": -49, "RTT": -1.0, "new_BSSID": false}
data sent
{"Protocol": "UDP", "RSSI": -49, "RTT": -1.0, "new_BSSID": false}
data sent
{"Protocol": "UDP", "RSSI": -49, "RTT": -1.0, "new_BSSID": false}
data sent
{"Protocol": "UDP", "RSSI": -49, "RTT": -1.0, "new_BSSID": false}
data sent
{"Protocol": "UDP", "RSSI": -49, "RTT": -1.0, "new_BSSID": false}
data sent
{"Protocol": "UDP", "RSSI": -49, "RTT": -1.0, "new_BSSID": false}
data sent
{"Protocol": "UDP", "RSSI": -49, "RTT": -1.0, "new_BSSID": false}
data sent
{"Protocol": "UDP", "RSSI": -49, "RTT": -1.0, "new_BSSID": false}
data sent
{"Protocol": "UDP", "RSSI": -49, "RTT": -1.0, "new_BSSID": false}
data sent
{"Protocol": "UDP", "RSSI": -49, "RTT": -1.0, "new_BSSID": false}
data sent
{"Protocol": "UDP", "RSSI": -49, "RTT": -1.0, "new_BSSID": false}
data sent
{"Protocol": "UDP", "RSSI": -49, "RTT": -1.0, "new_BSSID": false}
data sent
{"Protocol": "UDP", "RSSI": -49, "RTT": -1.0, "new_BSSID": false}
data sent
{"Protocol": "UDP", "RSSI": -49, "RTT": -1.0, "new_BSSID": false}
data sent
{"Protocol": "UDP", "RSSI": -49, "RTT": -1.0, "new_BSSID": false}
data sent
{"Protocol": "UDP", "RSSI": -49, "RTT": -1.0, "new_BSSID": false}
data sent
{"Protocol": "UDP", "RSSI": -49, "RTT": -1.0, "new_BSSID": false}
data sent
{"Protocol": "TCP", "RSSI": -49, "RTT": 0.0, "new_BSSID": false}
data sent
{"Protocol": "TCP", "RSSI": -49, "RTT": 0.0, "new_BSSID": false}
data sent
{"Protocol": "TCP", "RSSI": -49, "RTT": 0.000211, "new_BSSID": false}
data sent
{"Protocol": "TCP", "RSSI": -49, "RTT": 0.0, "new_BSSID": false}
data sent
{"Protocol": "UDP", "RSSI": -49, "RTT": -1.0, "new_BSSID": false}
data sent
{"Protocol": "UDP", "RSSI": -49, "RTT": -1.0, "new_BSSID": false}
data sent
{"Protocol": "UDP", "RSSI": -49, "RTT": -1.0, "new_BSSID": false}
data sent
{"Protocol": "UDP", "RSSI": -49, "RTT": -1.0, "new_BSSID": false}
data sent
{"Protocol": "UDP", "RSSI": -49, "RTT": -1.0, "new_BSSID": false}
data sent
{"Protocol": "TCP", "RSSI": -49, "RTT": 0.0, "new_BSSID": false}
data sent
{"Protocol": "TCP", "RSSI": -49, "RTT": 0.0, "new_BSSID": false}
data sent
{"Protocol": "TCP", "RSSI": -49, "RTT": 0.0, "new_BSSID": false}
data sent
{"Protocol": "TCP", "RSSI": -49, "RTT": 0.000488, "new_BSSID": false}
data sent
{"Protocol": "TCP", "RSSI": -49, "RTT": 0.0, "new_BSSID": false}
data sent
{"Protocol": "TCP", "RSSI": -49, "RTT": 0.0, "new_BSSID": false}
data sent
{"Protocol": "TCP", "RSSI": -49, "RTT": 0.0, "new_BSSID": false}
data sent
{"Protocol": "UDP", "RSSI": -49, "RTT": -1.0, "new_BSSID": false}
data sent
{"Protocol": "TCP", "RSSI": -49, "RTT": 0.0, "new_BSSID": false}
data sent
{"Protocol": "TCP", "RSSI": -49, "RTT": 0.0, "new_BSSID": false}
data sent
{"Protocol": "UDP", "RSSI": -49, "RTT": -1.0, "new_BSSID": false}
data sent
{"Protocol": "UDP", "RSSI": -49, "RTT": -1.0, "new_BSSID": false}
data sent
{"Protocol": "UDP", "RSSI": -49, "RTT": -1.0, "new_BSSID": false}
data sent
{"Protocol": "TCP", "RSSI": -49, "RTT": 0.000392, "new_BSSID": false}
data sent
{"Protocol": "UDP", "RSSI": -49, "RTT": -1.0, "new_BSSID": false}
data sent
{"Protocol": "UDP", "RSSI": -49, "RTT": -1.0, "new_BSSID": false}
data sent
{"Protocol": "UDP", "RSSI": -49, "RTT": -1.0, "new_BSSID": false}
data sent
{"Protocol": "UDP", "RSSI": -49, "RTT": -1.0, "new_BSSID": false}
data sent
{"Protocol": "UDP", "RSSI": -49, "RTT": -1.0, "new_BSSID": false}
data sent
{"Protocol": "UDP", "RSSI": -49, "RTT": -1.0, "new_BSSID": false}
data sent
{"Protocol": "UDP", "RSSI": -49, "RTT": -1.0, "new_BSSID": false}
data sent
{"Protocol": "TCP", "RSSI": -49, "RTT": 0.0, "new_BSSID": false}
data sent
{"Protocol": "TCP", "RSSI": -49, "RTT": 0.005255, "new_BSSID": false}
data sent
{"Protocol": "TCP", "RSSI": -49, "RTT": 0.0, "new_BSSID": false}
data sent
{"Protocol": "TCP", "RSSI": -49, "RTT": 0.0, "new_BSSID": false}
data sent
{"Protocol": "TCP", "RSSI": -49, "RTT": 0.000348, "new_BSSID": false}
data sent
{"Protocol": "UDP", "RSSI": -49, "RTT": -1.0, "new_BSSID": false}
data sent
{"Protocol": "UDP", "RSSI": -49, "RTT": -1.0, "new_BSSID": false}
data sent
{"Protocol": "UDP", "RSSI": -49, "RTT": -1.0, "new_BSSID": false}
data sent
{"Protocol": "UDP", "RSSI": -49, "RTT": -1.0, "new_BSSID": false}
data sent
{"Protocol": "TCP", "RSSI": -49, "RTT": 0.0, "new_BSSID": false}
data sent
{"Protocol": "TCP", "RSSI": -49, "RTT": 0.0, "new_BSSID": false}
data sent
{"Protocol": "TCP", "RSSI": -49, "RTT": 0.0, "new_BSSID": false}
data sent
{"Protocol": "TCP", "RSSI": -49, "RTT": 0.0, "new_BSSID": false}
data sent
{"Protocol": "TCP", "RSSI": -49, "RTT": 0.0, "new_BSSID": false}
data sent
{"Protocol": "TCP", "RSSI": -49, "RTT": 0.0, "new_BSSID": false}
data sent
{"Protocol": "TCP", "RSSI": -49, "RTT": 0.0, "new_BSSID": false}
data sent
{"Protocol": "TCP", "RSSI": -49, "RTT": 0.0, "new_BSSID": false}
data sent
{"Protocol": "TCP", "RSSI": -49, "RTT": 0.0, "new_BSSID": false}
data sent
{"Protocol": "TCP", "RSSI": -49, "RTT": 0.0, "new_BSSID": false}
data sent
{"Protocol": "TCP", "RSSI": -49, "RTT": 0.0, "new_BSSID": false}
data sent
{"Protocol": "TCP", "RSSI": -49, "RTT": 0.00058, "new_BSSID": false}
data sent
{"Protocol": "TCP", "RSSI": -49, "RTT": 0.0, "new_BSSID": false}
data sent
{"Protocol": "TCP", "RSSI": -49, "RTT": 0.0, "new_BSSID": false}
data sent
{"Protocol": "TCP", "RSSI": -49, "RTT": 0.0, "new_BSSID": false}
data sent
{"Protocol": "TCP", "RSSI": -49, "RTT": 0.0, "new_BSSID": false}
data sent
{"Protocol": "TCP", "RSSI": -49, "RTT": 0.0, "new_BSSID": false}
data sent
{"Protocol": "TCP", "RSSI": -49, "RTT": 0.0, "new_BSSID": false}
data sent
{"Protocol": "TCP", "RSSI": -49, "RTT": 0.000229, "new_BSSID": false}
data sent
{"Protocol": "UDP", "RSSI": -49, "RTT": -1.0, "new_BSSID": false}
data sent
{"Protocol": "UDP", "RSSI": -49, "RTT": -1.0, "new_BSSID": false}
data sent
{"Protocol": "UDP", "RSSI": -49, "RTT": -1.0, "new_BSSID": false}
data sent
{"Protocol": "UDP", "RSSI": -49, "RTT": -1.0, "new_BSSID": false}
data sent
{"Protocol": "UDP", "RSSI": -49, "RTT": -1.0, "new_BSSID": false}
data sent
{"Protocol": "UDP", "RSSI": -49, "RTT": -1.0, "new_BSSID": false}
data sent
{"Protocol": "UDP", "RSSI": -49, "RTT": -1.0, "new_BSSID": false}
data sent
{"Protocol": "UDP", "RSSI": -49, "RTT": -1.0, "new_BSSID": false}
data sent
{"Protocol": "UDP", "RSSI": -49, "RTT": -1.0, "new_BSSID": false}
data sent
{"Protocol": "UDP", "RSSI": -49, "RTT": -1.0, "new_BSSID": false}
data sent
{"Protocol": "UDP", "RSSI": -49, "RTT": -1.0, "new_BSSID": false}
data sent
{"Protocol": "UDP", "RSSI": -49, "RTT": -1.0, "new_BSSID": false}
data sent
{"Protocol": "UDP", "RSSI": -49, "RTT": -1.0, "new_BSSID": false}
data sent
{"Protocol": "UDP", "RSSI": -49, "RTT": -1.0, "new_BSSID": false}
data sent
{"Protocol": "UDP", "RSSI": -49, "RTT": -1.0, "new_BSSID": false}
data sent
{"Protocol": "UDP", "RSSI": -49, "RTT": -1.0, "new_BSSID": false}
data sent
{"Protocol": "TCP", "RSSI": -49, "RTT": 0.0, "new_BSSID": false}
data sent
{"Protocol": "UDP", "RSSI": -49, "RTT": -1.0, "new_BSSID": false}
data sent
{"Protocol": "TCP", "RSSI": -49, "RTT": 0.0, "new_BSSID": false}
data sent
{"Protocol": "UDP", "RSSI": -49, "RTT": -1.0, "new_BSSID": false}
data sent
{"Protocol": "TCP", "RSSI": -49, "RTT": 0.0, "new_BSSID": false}
data sent
{"Protocol": "TCP", "RSSI": -49, "RTT": 0.0, "new_BSSID": false}
data sent
{"Protocol": "TCP", "RSSI": -49, "RTT": 0.0, "new_BSSID": false}
data sent
{"Protocol": "TCP", "RSSI": -49, "RTT": 0.0, "new_BSSID": false}
data sent
{"Protocol": "TCP", "RSSI": -49, "RTT": 0.0, "new_BSSID": false}
data sent
{"Protocol": "TCP", "RSSI": -49, "RTT": 0.0, "new_BSSID": false}
data sent
{"Protocol": "TCP", "RSSI": -49, "RTT": 0.0, "new_BSSID": false}
data sent
{"Protocol": "TCP", "RSSI": -49, "RTT": 0.0, "new_BSSID": false}
data sent
{"Protocol": "TCP", "RSSI": -49, "RTT": 0.000642, "new_BSSID": false}
data sent
{"Protocol": "TCP", "RSSI": -49, "RTT": 0.0, "new_BSSID": false}
data sent
{"Protocol": "TCP", "RSSI": -49, "RTT": 0.0, "new_BSSID": false}
data sent
{"Protocol": "TCP", "RSSI": -49, "RTT": 0.0, "new_BSSID": false}
data sent
{"Protocol": "TCP", "RSSI": -49, "RTT": 0.0, "new_BSSID": false}
data sent
{"Protocol": "TCP", "RSSI": -49, "RTT": 0.0, "new_BSSID": false}
data sent
{"Protocol": "UDP", "RSSI": -49, "RTT": -1.0, "new_BSSID": false}
data sent
{"Protocol": "UDP", "RSSI": -49, "RTT": -1.0, "new_BSSID": false}
data sent
{"Protocol": "UDP", "RSSI": -49, "RTT": -1.0, "new_BSSID": false}
data sent
{"Protocol": "UDP", "RSSI": -49, "RTT": -1.0, "new_BSSID": false}
data sent
{"Protocol": "UDP", "RSSI": -49, "RTT": -1.0, "new_BSSID": false}
data sent
{"Protocol": "TCP", "RSSI": -49, "RTT": 0.00026, "new_BSSID": false}
data sent
{"Protocol": "UDP", "RSSI": -49, "RTT": -1.0, "new_BSSID": false}
data sent
{"Protocol": "UDP", "RSSI": -49, "RTT": -1.0, "new_BSSID": false}
data sent
{"Protocol": "UDP", "RSSI": -49, "RTT": -1.0, "new_BSSID": false}
data sent
{"Protocol": "UDP", "RSSI": -49, "RTT": -1.0, "new_BSSID": false}
data sent
{"Protocol": "UDP", "RSSI": -49, "RTT": -1.0, "new_BSSID": false}
data sent
{"Protocol": "TCP", "RSSI": -49, "RTT": 0.0, "new_BSSID": false}
data sent
{"Protocol": "TCP", "RSSI": -49, "RTT": 0.0, "new_BSSID": false}
data sent
{"Protocol": "TCP", "RSSI": -49, "RTT": 0.0, "new_BSSID": false}
data sent
{"Protocol": "TCP", "RSSI": -49, "RTT": 0.0, "new_BSSID": false}
data sent
{"Protocol": "TCP", "RSSI": -49, "RTT": 0.0, "new_BSSID": false}
data sent
{"Protocol": "TCP", "RSSI": -49, "RTT": 0.0, "new_BSSID": false}
data sent
{"Protocol": "TCP", "RSSI": -49, "RTT": 0.0, "new_BSSID": false}
data sent
{"Protocol": "TCP", "RSSI": -49, "RTT": 0.000281, "new_BSSID": false}
data sent
{"Protocol": "UDP", "RSSI": -49, "RTT": -1.0, "new_BSSID": false}
data sent
{"Protocol": "UDP", "RSSI": -49, "RTT": -1.0, "new_BSSID": false}
data sent
{"Protocol": "UDP", "RSSI": -49, "RTT": -1.0, "new_BSSID": false}
data sent
{"Protocol": "UDP", "RSSI": -49, "RTT": -1.0, "new_BSSID": false}
data sent
{"Protocol": "UDP", "RSSI": -49, "RTT": -1.0, "new_BSSID": false}
data sent
{"Protocol": "UDP", "RSSI": -49, "RTT": -1.0, "new_BSSID": false}
data sent
{"Protocol": "UDP", "RSSI": -49, "RTT": -1.0, "new_BSSID": false}
data sent
{"Protocol": "UDP", "RSSI": -49, "RTT": -1.0, "new_BSSID": false}
data sent
{"Protocol": "UDP", "RSSI": -49, "RTT": -1.0, "new_BSSID": false}
data sent
{"Protocol": "UDP", "RSSI": -49, "RTT": -1.0, "new_BSSID": false}
data sent
{"Protocol": "UDP", "RSSI": -49, "RTT": -1.0, "new_BSSID": false}
data sent
{"Protocol": "TCP", "RSSI": -49, "RTT": 0.0, "new_BSSID": false}
data sent
{"Protocol": "TCP", "RSSI": -49, "RTT": 0.0, "new_BSSID": false}
data sent
{"Protocol": "TCP", "RSSI": -49, "RTT": 0.0, "new_BSSID": false}
data sent
{"Protocol": "TCP", "RSSI": -49, "RTT": 0.0, "new_BSSID": false}
data sent
{"Protocol": "TCP", "RSSI": -49, "RTT": 0.0, "new_BSSID": false}
data sent
{"Protocol": "UDP", "RSSI": -49, "RTT": -1.0, "new_BSSID": false}
data sent
{"Protocol": "TCP", "RSSI": -49, "RTT": 0.0, "new_BSSID": false}
data sent
{"Protocol": "TCP", "RSSI": -49, "RTT": 0.0, "new_BSSID": false}
data sent
{"Protocol": "UDP", "RSSI": -49, "RTT": -1.0, "new_BSSID": false}
data sent
{"Protocol": "TCP", "RSSI": -49, "RTT": 0.0, "new_BSSID": false}
data sent
{"Protocol": "TCP", "RSSI": -49, "RTT": 0.000346, "new_BSSID": false}
data sent
{"Protocol": "UDP", "RSSI": -49, "RTT": -1.0, "new_BSSID": false}
data sent
{"Protocol": "UDP", "RSSI": -49, "RTT": -1.0, "new_BSSID": false}
data sent
{"Protocol": "UDP", "RSSI": -49, "RTT": -1.0, "new_BSSID": false}
data sent
{"Protocol": "UDP", "RSSI": -49, "RTT": -1.0, "new_BSSID": false}
data sent
{"Protocol": "UDP", "RSSI": -49, "RTT": -1.0, "new_BSSID": false}
data sent
{"Protocol": "UDP", "RSSI": -49, "RTT": -1.0, "new_BSSID": false}
data sent
{"Protocol": "UDP", "RSSI": -49, "RTT": -1.0, "new_BSSID": false}
data sent
{"Protocol": "UDP", "RSSI": -49, "RTT": -1.0, "new_BSSID": false}
data sent
{"Protocol": "TCP", "RSSI": -49, "RTT": 0.0, "new_BSSID": false}
data sent
{"Protocol": "TCP", "RSSI": -49, "RTT": 0.0, "new_BSSID": false}
data sent
{"Protocol": "TCP", "RSSI": -49, "RTT": 0.0, "new_BSSID": false}
data sent
{"Protocol": "TCP", "RSSI": -49, "RTT": 0.0, "new_BSSID": false}
data sent
{"Protocol": "TCP", "RSSI": -46, "RTT": 0.0, "new_BSSID": false}
data sent
{"Protocol": "TCP", "RSSI": -46, "RTT": 0.0, "new_BSSID": false}
data sent
{"Protocol": "TCP", "RSSI": -46, "RTT": 0.0, "new_BSSID": false}
data sent
{"Protocol": "TCP", "RSSI": -46, "RTT": 0.0, "new_BSSID": false}
data sent
{"Protocol": "TCP", "RSSI": -46, "RTT": 0.0, "new_BSSID": false}
data sent
{"Protocol": "TCP", "RSSI": -46, "RTT": 0.0, "new_BSSID": false}
data sent
{"Protocol": "TCP", "RSSI": -46, "RTT": 0.0, "new_BSSID": false}
data sent
{"Protocol": "TCP", "RSSI": -46, "RTT": 0.0, "new_BSSID": false}
data sent
{"Protocol": "TCP", "RSSI": -46, "RTT": 0.0, "new_BSSID": false}
data sent
{"Protocol": "TCP", "RSSI": -46, "RTT": 0.0, "new_BSSID": false}
data sent
{"Protocol": "TCP", "RSSI": -46, "RTT": 0.001258, "new_BSSID": false}
data sent
{"Protocol": "TCP", "RSSI": -46, "RTT": 0.0, "new_BSSID": false}
data sent
{"Protocol": "TCP", "RSSI": -46, "RTT": 0.0, "new_BSSID": false}
data sent
{"Protocol": "TCP", "RSSI": -46, "RTT": 0.0, "new_BSSID": false}
data sent
{"Protocol": "UDP", "RSSI": -46, "RTT": -1.0, "new_BSSID": false}
data sent
{"Protocol": "UDP", "RSSI": -46, "RTT": -1.0, "new_BSSID": false}
data sent
{"Protocol": "UDP", "RSSI": -46, "RTT": -1.0, "new_BSSID": false}
data sent
{"Protocol": "TCP", "RSSI": -46, "RTT": 0.000415, "new_BSSID": false}
data sent
{"Protocol": "UDP", "RSSI": -46, "RTT": -1.0, "new_BSSID": false}
data sent
{"Protocol": "UDP", "RSSI": -46, "RTT": -1.0, "new_BSSID": false}
data sent
{"Protocol": "UDP", "RSSI": -46, "RTT": -1.0, "new_BSSID": false}
data sent
{"Protocol": "UDP", "RSSI": -46, "RTT": -1.0, "new_BSSID": false}
data sent
{"Protocol": "UDP", "RSSI": -46, "RTT": -1.0, "new_BSSID": false}
data sent
{"Protocol": "UDP", "RSSI": -46, "RTT": -1.0, "new_BSSID": false}
data sent
{"Protocol": "UDP", "RSSI": -46, "RTT": -1.0, "new_BSSID": false}
data sent
{"Protocol": "UDP", "RSSI": -46, "RTT": -1.0, "new_BSSID": false}
data sent
{"Protocol": "UDP", "RSSI": -46, "RTT": -1.0, "new_BSSID": false}
data sent
{"Protocol": "UDP", "RSSI": -46, "RTT": -1.0, "new_BSSID": false}
data sent
{"Protocol": "UDP", "RSSI": -46, "RTT": -1.0, "new_BSSID": false}
data sent
{"Protocol": "UDP", "RSSI": -46, "RTT": -1.0, "new_BSSID": false}
data sent
{"Protocol": "UDP", "RSSI": -46, "RTT": -1.0, "new_BSSID": false}
data sent
{"Protocol": "UDP", "RSSI": -46, "RTT": -1.0, "new_BSSID": false}
data sent
{"Protocol": "UDP", "RSSI": -46, "RTT": -1.0, "new_BSSID": false}
data sent
{"Protocol": "TCP", "RSSI": -46, "RTT": 0.0, "new_BSSID": false}
data sent
{"Protocol": "TCP", "RSSI": -46, "RTT": 0.0, "new_BSSID": false}
data sent
{"Protocol": "TCP", "RSSI": -46, "RTT": 0.0, "new_BSSID": false}
data sent
{"Protocol": "TCP", "RSSI": -46, "RTT": 0.0, "new_BSSID": false}
data sent
{"Protocol": "TCP", "RSSI": -46, "RTT": 0.0, "new_BSSID": false}
data sent
{"Protocol": "TCP", "RSSI": -46, "RTT": 0.0, "new_BSSID": false}
data sent
{"Protocol": "TCP", "RSSI": -46, "RTT": 0.0, "new_BSSID": false}
data sent
{"Protocol": "TCP", "RSSI": -46, "RTT": 0.0, "new_BSSID": false}
data sent
{"Protocol": "TCP", "RSSI": -46, "RTT": 0.0, "new_BSSID": false}
data sent
{"Protocol": "TCP", "RSSI": -46, "RTT": 0.0, "new_BSSID": false}
data sent
{"Protocol": "TCP", "RSSI": -46, "RTT": 0.0, "new_BSSID": false}
data sent
{"Protocol": "TCP", "RSSI": -46, "RTT": 0.0, "new_BSSID": false}
data sent
{"Protocol": "TCP", "RSSI": -46, "RTT": 0.0, "new_BSSID": false}
data sent
{"Protocol": "TCP", "RSSI": -46, "RTT": 0.0, "new_BSSID": false}
data sent
{"Protocol": "TCP", "RSSI": -46, "RTT": 0.0, "new_BSSID": false}
data sent
{"Protocol": "TCP", "RSSI": -46, "RTT": 0.0, "new_BSSID": false}
data sent
{"Protocol": "TCP", "RSSI": -46, "RTT": 0.0, "new_BSSID": false}
data sent
{"Protocol": "TCP", "RSSI": -46, "RTT": 0.000752, "new_BSSID": false}
data sent
{"Protocol": "TCP", "RSSI": -46, "RTT": 0.0, "new_BSSID": false}
data sent
{"Protocol": "TCP", "RSSI": -46, "RTT": 0.0, "new_BSSID": false}
data sent
{"Protocol": "TCP", "RSSI": -46, "RTT": 0.0, "new_BSSID": false}
data sent
{"Protocol": "TCP", "RSSI": -46, "RTT": 0.000124, "new_BSSID": false}
data sent
{"Protocol": "TCP", "RSSI": -46, "RTT": 0.0, "new_BSSID": false}
data sent
{"Protocol": "TCP", "RSSI": -46, "RTT": 0.0, "new_BSSID": false}
data sent
{"Protocol": "TCP", "RSSI": -46, "RTT": 0.0, "new_BSSID": false}
data sent
{"Protocol": "TCP", "RSSI": -46, "RTT": 0.000105, "new_BSSID": false}
data sent
{"Protocol": "TCP", "RSSI": -46, "RTT": 0.0, "new_BSSID": false}
data sent
{"Protocol": "TCP", "RSSI": -46, "RTT": 0.0, "new_BSSID": false}
data sent
{"Protocol": "TCP", "RSSI": -46, "RTT": 0.0, "new_BSSID": false}
data sent
{"Protocol": "TCP", "RSSI": -46, "RTT": 0.000125, "new_BSSID": false}
data sent
{"Protocol": "UDP", "RSSI": -46, "RTT": -1.0, "new_BSSID": false}
data sent
{"Protocol": "UDP", "RSSI": -46, "RTT": -1.0, "new_BSSID": false}
data sent
{"Protocol": "TCP", "RSSI": -46, "RTT": 0.0, "new_BSSID": false}
data sent
{"Protocol": "TCP", "RSSI": -46, "RTT": 0.0, "new_BSSID": false}
data sent
{"Protocol": "UDP", "RSSI": -46, "RTT": -1.0, "new_BSSID": false}
data sent
{"Protocol": "TCP", "RSSI": -46, "RTT": 0.0, "new_BSSID": false}
data sent
{"Protocol": "TCP", "RSSI": -46, "RTT": 0.0, "new_BSSID": false}
data sent
{"Protocol": "TCP", "RSSI": -46, "RTT": 0.0, "new_BSSID": false}
data sent
{"Protocol": "UDP", "RSSI": -46, "RTT": -1.0, "new_BSSID": false}
data sent
{"Protocol": "UDP", "RSSI": -46, "RTT": -1.0, "new_BSSID": false}
data sent
{"Protocol": "UDP", "RSSI": -46, "RTT": -1.0, "new_BSSID": false}
data sent
{"Protocol": "TCP", "RSSI": -46, "RTT": 0.000201, "new_BSSID": false}
data sent
{"Protocol": "UDP", "RSSI": -46, "RTT": -1.0, "new_BSSID": false}
data sent
{"Protocol": "UDP", "RSSI": -46, "RTT": -1.0, "new_BSSID": false}
data sent
{"Protocol": "UDP", "RSSI": -46, "RTT": -1.0, "new_BSSID": false}
data sent
{"Protocol": "UDP", "RSSI": -46, "RTT": -1.0, "new_BSSID": false}
data sent
{"Protocol": "UDP", "RSSI": -46, "RTT": -1.0, "new_BSSID": false}
data sent
{"Protocol": "UDP", "RSSI": -46, "RTT": -1.0, "new_BSSID": false}
data sent
{"Protocol": "UDP", "RSSI": -46, "RTT": -1.0, "new_BSSID": false}
data sent
{"Protocol": "UDP", "RSSI": -46, "RTT": -1.0, "new_BSSID": false}
data sent
{"Protocol": "UDP", "RSSI": -46, "RTT": -1.0, "new_BSSID": false}
data sent
{"Protocol": "UDP", "RSSI": -46, "RTT": -1.0, "new_BSSID": false}
data sent
{"Protocol": "UDP", "RSSI": -46, "RTT": -1.0, "new_BSSID": false}
data sent
{"Protocol": "UDP", "RSSI": -46, "RTT": -1.0, "new_BSSID": false}
data sent
{"Protocol": "TCP", "RSSI": -46, "RTT": 0.0, "new_BSSID": false}
data sent
{"Protocol": "TCP", "RSSI": -46, "RTT": 0.0, "new_BSSID": false}
data sent
{"Protocol": "TCP", "RSSI": -46, "RTT": 0.0, "new_BSSID": false}
data sent
{"Protocol": "TCP", "RSSI": -46, "RTT": 0.0, "new_BSSID": false}
data sent
{"Protocol": "TCP", "RSSI": -46, "RTT": 0.0, "new_BSSID": false}
data sent
{"Protocol": "TCP", "RSSI": -46, "RTT": 0.0, "new_BSSID": false}
data sent
{"Protocol": "TCP", "RSSI": -46, "RTT": 0.0, "new_BSSID": false}
data sent
{"Protocol": "TCP", "RSSI": -46, "RTT": 0.0, "new_BSSID": false}
data sent
{"Protocol": "TCP", "RSSI": -46, "RTT": 0.0, "new_BSSID": false}
data sent
{"Protocol": "TCP", "RSSI": -46, "RTT": 0.000372, "new_BSSID": false}
data sent
{"Protocol": "UDP", "RSSI": -46, "RTT": -1.0, "new_BSSID": false}
data sent
{"Protocol": "UDP", "RSSI": -46, "RTT": -1.0, "new_BSSID": false}
data sent
{"Protocol": "UDP", "RSSI": -46, "RTT": -1.0, "new_BSSID": false}
data sent
{"Protocol": "UDP", "RSSI": -46, "RTT": -1.0, "new_BSSID": false}
data sent
{"Protocol": "UDP", "RSSI": -46, "RTT": -1.0, "new_BSSID": false}
data sent
{"Protocol": "UDP", "RSSI": -46, "RTT": -1.0, "new_BSSID": false}
data sent
{"Protocol": "UDP", "RSSI": -46, "RTT": -1.0, "new_BSSID": false}
data sent
{"Protocol": "UDP", "RSSI": -46, "RTT": -1.0, "new_BSSID": false}
data sent
{"Protocol": "UDP", "RSSI": -46, "RTT": -1.0, "new_BSSID": false}
data sent
{"Protocol": "UDP", "RSSI": -46, "RTT": -1.0, "new_BSSID": false}
data sent
{"Protocol": "TCP", "RSSI": -46, "RTT": 0.0, "new_BSSID": false}
data sent
{"Protocol": "TCP", "RSSI": -46, "RTT": 0.0, "new_BSSID": false}
data sent
{"Protocol": "TCP", "RSSI": -46, "RTT": 0.0, "new_BSSID": false}
data sent
{"Protocol": "TCP", "RSSI": -46, "RTT": 0.0, "new_BSSID": false}
data sent
{"Protocol": "TCP", "RSSI": -46, "RTT": 0.0, "new_BSSID": false}
data sent
{"Protocol": "TCP", "RSSI": -46, "RTT": 0.0, "new_BSSID": false}
data sent
{"Protocol": "TCP", "RSSI": -46, "RTT": 0.0, "new_BSSID": false}
data sent
{"Protocol": "TCP", "RSSI": -46, "RTT": 0.0, "new_BSSID": false}
data sent
{"Protocol": "TCP", "RSSI": -46, "RTT": 0.0, "new_BSSID": false}
data sent
{"Protocol": "TCP", "RSSI": -46, "RTT": 0.000513, "new_BSSID": false}
data sent
{"Protocol": "UDP", "RSSI": -46, "RTT": -1.0, "new_BSSID": false}
data sent
{"Protocol": "UDP", "RSSI": -46, "RTT": -1.0, "new_BSSID": false}
data sent
{"Protocol": "UDP", "RSSI": -46, "RTT": -1.0, "new_BSSID": false}
data sent
{"Protocol": "UDP", "RSSI": -46, "RTT": -1.0, "new_BSSID": false}
data sent
{"Protocol": "UDP", "RSSI": -46, "RTT": -1.0, "new_BSSID": false}
data sent
{"Protocol": "UDP", "RSSI": -46, "RTT": -1.0, "new_BSSID": false}
data sent
{"Protocol": "UDP", "RSSI": -46, "RTT": -1.0, "new_BSSID": false}
data sent
{"Protocol": "UDP", "RSSI": -46, "RTT": -1.0, "new_BSSID": false}
data sent
{"Protocol": "UDP", "RSSI": -46, "RTT": -1.0, "new_BSSID": false}
data sent
{"Protocol": "UDP", "RSSI": -46, "RTT": -1.0, "new_BSSID": false}
data sent
{"Protocol": "UDP", "RSSI": -46, "RTT": -1.0, "new_BSSID": false}
data sent
{"Protocol": "UDP", "RSSI": -46, "RTT": -1.0, "new_BSSID": false}
data sent
{"Protocol": "UDP", "RSSI": -46, "RTT": -1.0, "new_BSSID": false}
data sent
{"Protocol": "UDP", "RSSI": -46, "RTT": -1.0, "new_BSSID": false}
data sent
{"Protocol": "UDP", "RSSI": -46, "RTT": -1.0, "new_BSSID": false}
data sent
{"Protocol": "UDP", "RSSI": -46, "RTT": -1.0, "new_BSSID": false}
data sent
{"Protocol": "UDP", "RSSI": -46, "RTT": -1.0, "new_BSSID": false}
data sent
{"Protocol": "UDP", "RSSI": -46, "RTT": -1.0, "new_BSSID": false}
data sent
{"Protocol": "UDP", "RSSI": -46, "RTT": -1.0, "new_BSSID": false}
data sent
{"Protocol": "UDP", "RSSI": -46, "RTT": -1.0, "new_BSSID": false}
data sent
{"Protocol": "UDP", "RSSI": -46, "RTT": -1.0, "new_BSSID": false}
data sent
{"Protocol": "UDP", "RSSI": -46, "RTT": -1.0, "new_BSSID": false}
data sent
{"Protocol": "UDP", "RSSI": -46, "RTT": -1.0, "new_BSSID": false}
data sent
{"Protocol": "UDP", "RSSI": -46, "RTT": -1.0, "new_BSSID": false}
data sent
{"Protocol": "UDP", "RSSI": -46, "RTT": -1.0, "new_BSSID": false}
data sent
{"Protocol": "TCP", "RSSI": -46, "RTT": 0.0, "new_BSSID": false}
data sent
{"Protocol": "TCP", "RSSI": -46, "RTT": 0.0, "new_BSSID": false}
data sent
{"Protocol": "TCP", "RSSI": -46, "RTT": 0.0, "new_BSSID": false}
data sent
{"Protocol": "TCP", "RSSI": -46, "RTT": 0.0, "new_BSSID": false}
data sent
{"Protocol": "TCP", "RSSI": -46, "RTT": 0.0, "new_BSSID": false}
data sent
{"Protocol": "TCP", "RSSI": -46, "RTT": 0.0, "new_BSSID": false}
data sent
{"Protocol": "TCP", "RSSI": -46, "RTT": 0.0, "new_BSSID": false}
data sent
{"Protocol": "TCP", "RSSI": -46, "RTT": 0.0, "new_BSSID": false}
data sent
{"Protocol": "TCP", "RSSI": -46, "RTT": 0.0, "new_BSSID": false}
data sent
{"Protocol": "TCP", "RSSI": -46, "RTT": 0.0, "new_BSSID": false}
data sent
{"Protocol": "TCP", "RSSI": -46, "RTT": 0.0, "new_BSSID": false}
data sent
{"Protocol": "TCP", "RSSI": -46, "RTT": 0.0, "new_BSSID": false}
data sent
{"Protocol": "TCP", "RSSI": -46, "RTT": 0.0, "new_BSSID": false}
data sent
{"Protocol": "TCP", "RSSI": -46, "RTT": 0.0, "new_BSSID": false}
data sent
{"Protocol": "TCP", "RSSI": -46, "RTT": 0.0, "new_BSSID": false}
data sent
{"Protocol": "TCP", "RSSI": -46, "RTT": 0.0, "new_BSSID": false}
data sent
{"Protocol": "TCP", "RSSI": -46, "RTT": 0.0, "new_BSSID": false}
data sent
{"Protocol": "TCP", "RSSI": -46, "RTT": 0.0, "new_BSSID": false}
data sent
{"Protocol": "TCP", "RSSI": -46, "RTT": 0.0, "new_BSSID": false}
data sent
{"Protocol": "TCP", "RSSI": -46, "RTT": 0.0, "new_BSSID": false}
data sent
{"Protocol": "TCP", "RSSI": -46, "RTT": 0.0, "new_BSSID": false}
data sent
{"Protocol": "TCP", "RSSI": -46, "RTT": 0.0, "new_BSSID": false}
data sent
{"Protocol": "TCP", "RSSI": -46, "RTT": 0.0, "new_BSSID": false}
data sent
{"Protocol": "TCP", "RSSI": -46, "RTT": 0.0, "new_BSSID": false}
data sent
{"Protocol": "TCP", "RSSI": -45, "RTT": 0.0, "new_BSSID": false}
data sent
{"Protocol": "TCP", "RSSI": -45, "RTT": 0.0, "new_BSSID": false}
data sent
{"Protocol": "TCP", "RSSI": -45, "RTT": 0.0, "new_BSSID": false}
data sent
{"Protocol": "TCP", "RSSI": -45, "RTT": 0.0, "new_BSSID": false}
data sent
{"Protocol": "TCP", "RSSI": -45, "RTT": 0.0, "new_BSSID": false}
data sent
{"Protocol": "TCP", "RSSI": -45, "RTT": 0.0, "new_BSSID": false}
data sent
{"Protocol": "TCP", "RSSI": -45, "RTT": 0.0, "new_BSSID": false}
data sent
{"Protocol": "TCP", "RSSI": -45, "RTT": 0.0, "new_BSSID": false}
data sent
{"Protocol": "TCP", "RSSI": -45, "RTT": 0.002984, "new_BSSID": false}
data sent
{"Protocol": "UDP", "RSSI": -45, "RTT": -1.0, "new_BSSID": false}
data sent
{"Protocol": "UDP", "RSSI": -45, "RTT": -1.0, "new_BSSID": false}
data sent
{"Protocol": "UDP", "RSSI": -45, "RTT": -1.0, "new_BSSID": false}
data sent
{"Protocol": "UDP", "RSSI": -45, "RTT": -1.0, "new_BSSID": false}
data sent
{"Protocol": "UDP", "RSSI": -45, "RTT": -1.0, "new_BSSID": false}
data sent
{"Protocol": "UDP", "RSSI": -45, "RTT": -1.0, "new_BSSID": false}
data sent
{"Protocol": "UDP", "RSSI": -45, "RTT": -1.0, "new_BSSID": false}
data sent
{"Protocol": "UDP", "RSSI": -45, "RTT": -1.0, "new_BSSID": false}
data sent
{"Protocol": "UDP", "RSSI": -45, "RTT": -1.0, "new_BSSID": false}
data sent
{"Protocol": "UDP", "RSSI": -45, "RTT": -1.0, "new_BSSID": false}
data sent
{"Protocol": "TCP", "RSSI": -45, "RTT": 0.0, "new_BSSID": false}
data sent
{"Protocol": "TCP", "RSSI": -45, "RTT": 0.0, "new_BSSID": false}
data sent
{"Protocol": "TCP", "RSSI": -45, "RTT": 0.0, "new_BSSID": false}
data sent
{"Protocol": "TCP", "RSSI": -45, "RTT": 0.0, "new_BSSID": false}
data sent
{"Protocol": "TCP", "RSSI": -45, "RTT": 0.0, "new_BSSID": false}
data sent
{"Protocol": "TCP", "RSSI": -45, "RTT": 0.0, "new_BSSID": false}
data sent
{"Protocol": "TCP", "RSSI": -45, "RTT": 0.0, "new_BSSID": false}
data sent
{"Protocol": "UDP", "RSSI": -45, "RTT": -1.0, "new_BSSID": false}
data sent
{"Protocol": "UDP", "RSSI": -45, "RTT": -1.0, "new_BSSID": false}
data sent
{"Protocol": "UDP", "RSSI": -45, "RTT": -1.0, "new_BSSID": false}
data sent
{"Protocol": "UDP", "RSSI": -45, "RTT": -1.0, "new_BSSID": false}
data sent
{"Protocol": "UDP", "RSSI": -45, "RTT": -1.0, "new_BSSID": false}
data sent
{"Protocol": "TCP", "RSSI": -45, "RTT": 0.0, "new_BSSID": false}
data sent
{"Protocol": "TCP", "RSSI": -45, "RTT": 0.0, "new_BSSID": false}
data sent
{"Protocol": "TCP", "RSSI": -45, "RTT": 0.0, "new_BSSID": false}
data sent
{"Protocol": "UDP", "RSSI": -45, "RTT": -1.0, "new_BSSID": false}
data sent
{"Protocol": "UDP", "RSSI": -45, "RTT": -1.0, "new_BSSID": false}
data sent
{"Protocol": "TCP", "RSSI": -49, "RTT": 0.001258, "new_BSSID": false}
data sent
{"Protocol": "UDP", "RSSI": -49, "RTT": -1.0, "new_BSSID": false}
data sent
{"Protocol": "UDP", "RSSI": -49, "RTT": -1.0, "new_BSSID": false}
data sent
{"Protocol": "UDP", "RSSI": -49, "RTT": -1.0, "new_BSSID": false}
data sent
{"Protocol": "UDP", "RSSI": -49, "RTT": -1.0, "new_BSSID": false}
data sent
{"Protocol": "UDP", "RSSI": -49, "RTT": -1.0, "new_BSSID": false}
data sent
{"Protocol": "UDP", "RSSI": -49, "RTT": -1.0, "new_BSSID": false}
data sent
{"Protocol": "UDP", "RSSI": -49, "RTT": -1.0, "new_BSSID": false}
data sent
{"Protocol": "UDP", "RSSI": -49, "RTT": -1.0, "new_BSSID": false}
data sent
{"Protocol": "TCP", "RSSI": -49, "RTT": 0.001621, "new_BSSID": false}
data sent
{"Protocol": "TCP", "RSSI": -49, "RTT": 0.0, "new_BSSID": false}
data sent
{"Protocol": "TCP", "RSSI": -49, "RTT": 0.0, "new_BSSID": false}
data sent
{"Protocol": "TCP", "RSSI": -49, "RTT": 0.0, "new_BSSID": false}
data sent
{"Protocol": "TCP", "RSSI": -49, "RTT": 0.0, "new_BSSID": false}
data sent
{"Protocol": "UDP", "RSSI": -49, "RTT": -1.0, "new_BSSID": false}
data sent
{"Protocol": "TCP", "RSSI": -49, "RTT": 0.0, "new_BSSID": false}
data sent
{"Protocol": "TCP", "RSSI": -49, "RTT": 0.000486, "new_BSSID": false}
data sent
{"Protocol": "UDP", "RSSI": -49, "RTT": -1.0, "new_BSSID": false}
data sent
{"Protocol": "UDP", "RSSI": -49, "RTT": -1.0, "new_BSSID": false}
data sent
{"Protocol": "UDP", "RSSI": -49, "RTT": -1.0, "new_BSSID": false}
data sent
{"Protocol": "UDP", "RSSI": -49, "RTT": -1.0, "new_BSSID": false}
data sent
{"Protocol": "UDP", "RSSI": -49, "RTT": -1.0, "new_BSSID": false}
data sent
{"Protocol": "UDP", "RSSI": -49, "RTT": -1.0, "new_BSSID": false}
data sent
{"Protocol": "UDP", "RSSI": -49, "RTT": -1.0, "new_BSSID": false}
data sent
{"Protocol": "UDP", "RSSI": -49, "RTT": -1.0, "new_BSSID": false}
data sent
{"Protocol": "UDP", "RSSI": -49, "RTT": -1.0, "new_BSSID": false}
data sent
{"Protocol": "UDP", "RSSI": -49, "RTT": -1.0, "new_BSSID": false}
data sent
{"Protocol": "TCP", "RSSI": -49, "RTT": 0.0, "new_BSSID": false}
data sent
{"Protocol": "TCP", "RSSI": -49, "RTT": 0.0, "new_BSSID": false}
data sent
{"Protocol": "TCP", "RSSI": -49, "RTT": 0.0, "new_BSSID": false}
data sent
{"Protocol": "TCP", "RSSI": -49, "RTT": 0.0, "new_BSSID": false}
data sent
{"Protocol": "TCP", "RSSI": -49, "RTT": 0.000355, "new_BSSID": false}
data sent
{"Protocol": "UDP", "RSSI": -49, "RTT": -1.0, "new_BSSID": false}
data sent
{"Protocol": "UDP", "RSSI": -49, "RTT": -1.0, "new_BSSID": false}
data sent
{"Protocol": "UDP", "RSSI": -49, "RTT": -1.0, "new_BSSID": false}
data sent
{"Protocol": "TCP", "RSSI": -49, "RTT": 0.0, "new_BSSID": false}
data sent
{"Protocol": "TCP", "RSSI": -49, "RTT": 0.0, "new_BSSID": false}
data sent
{"Protocol": "TCP", "RSSI": -49, "RTT": 0.0, "new_BSSID": false}
data sent
{"Protocol": "TCP", "RSSI": -49, "RTT": 0.0, "new_BSSID": false}
data sent
{"Protocol": "TCP", "RSSI": -49, "RTT": 0.0, "new_BSSID": false}
data sent
{"Protocol": "TCP", "RSSI": -48, "RTT": 0.00037, "new_BSSID": false}
data sent
{"Protocol": "UDP", "RSSI": -48, "RTT": -1.0, "new_BSSID": false}
data sent
{"Protocol": "UDP", "RSSI": -48, "RTT": -1.0, "new_BSSID": false}
data sent
{"Protocol": "UDP", "RSSI": -48, "RTT": -1.0, "new_BSSID": false}
data sent
{"Protocol": "UDP", "RSSI": -48, "RTT": -1.0, "new_BSSID": false}
data sent
{"Protocol": "UDP", "RSSI": -48, "RTT": -1.0, "new_BSSID": false}
data sent
{"Protocol": "UDP", "RSSI": -48, "RTT": -1.0, "new_BSSID": false}
data sent
{"Protocol": "UDP", "RSSI": -48, "RTT": -1.0, "new_BSSID": false}
data sent
{"Protocol": "UDP", "RSSI": -48, "RTT": -1.0, "new_BSSID": false}
data sent
{"Protocol": "UDP", "RSSI": -48, "RTT": -1.0, "new_BSSID": false}
data sent
{"Protocol": "UDP", "RSSI": -48, "RTT": -1.0, "new_BSSID": false}
data sent
{"Protocol": "TCP", "RSSI": -48, "RTT": 0.0, "new_BSSID": false}
data sent
{"Protocol": "TCP", "RSSI": -48, "RTT": 0.0, "new_BSSID": false}
data sent
{"Protocol": "TCP", "RSSI": -48, "RTT": 0.0, "new_BSSID": false}
data sent
{"Protocol": "TCP", "RSSI": -48, "RTT": 0.0, "new_BSSID": false}
data sent
{"Protocol": "TCP", "RSSI": -48, "RTT": 0.0, "new_BSSID": false}
data sent
{"Protocol": "TCP", "RSSI": -48, "RTT": 0.0, "new_BSSID": false}
data sent
{"Protocol": "TCP", "RSSI": -48, "RTT": 0.0, "new_BSSID": false}
data sent
{"Protocol": "TCP", "RSSI": -48, "RTT": 0.0, "new_BSSID": false}
data sent
{"Protocol": "TCP", "RSSI": -48, "RTT": 0.0, "new_BSSID": false}
data sent
{"Protocol": "TCP", "RSSI": -48, "RTT": 0.0, "new_BSSID": false}
data sent
{"Protocol": "TCP", "RSSI": -48, "RTT": 0.0, "new_BSSID": false}
data sent
{"Protocol": "TCP", "RSSI": -48, "RTT": 0.0, "new_BSSID": false}
data sent
{"Protocol": "UDP", "RSSI": -48, "RTT": -1.0, "new_BSSID": false}
data sent
{"Protocol": "UDP", "RSSI": -48, "RTT": -1.0, "new_BSSID": false}
data sent
{"Protocol": "UDP", "RSSI": -48, "RTT": -1.0, "new_BSSID": false}
data sent
{"Protocol": "UDP", "RSSI": -48, "RTT": -1.0, "new_BSSID": false}
data sent
{"Protocol": "UDP", "RSSI": -48, "RTT": -1.0, "new_BSSID": false}
data sent
{"Protocol": "UDP", "RSSI": -48, "RTT": -1.0, "new_BSSID": false}
data sent
{"Protocol": "UDP", "RSSI": -48, "RTT": -1.0, "new_BSSID": false}
data sent
{"Protocol": "UDP", "RSSI": -48, "RTT": -1.0, "new_BSSID": false}
data sent
{"Protocol": "UDP", "RSSI": -48, "RTT": -1.0, "new_BSSID": false}
data sent
{"Protocol": "UDP", "RSSI": -48, "RTT": -1.0, "new_BSSID": false}
data sent
{"Protocol": "UDP", "RSSI": -48, "RTT": -1.0, "new_BSSID": false}
data sent
{"Protocol": "TCP", "RSSI": -48, "RTT": 0.001169, "new_BSSID": false}
data sent
{"Protocol": "UDP", "RSSI": -48, "RTT": -1.0, "new_BSSID": false}
data sent
{"Protocol": "UDP", "RSSI": -48, "RTT": -1.0, "new_BSSID": false}
data sent
{"Protocol": "UDP", "RSSI": -48, "RTT": -1.0, "new_BSSID": false}
data sent
{"Protocol": "UDP", "RSSI": -48, "RTT": -1.0, "new_BSSID": false}
data sent
{"Protocol": "UDP", "RSSI": -48, "RTT": -1.0, "new_BSSID": false}
data sent
{"Protocol": "UDP", "RSSI": -48, "RTT": -1.0, "new_BSSID": false}
data sent
{"Protocol": "UDP", "RSSI": -48, "RTT": -1.0, "new_BSSID": false}
data sent
{"Protocol": "UDP", "RSSI": -48, "RTT": -1.0, "new_BSSID": false}
data sent
{"Protocol": "UDP", "RSSI": -48, "RTT": -1.0, "new_BSSID": false}
data sent
{"Protocol": "UDP", "RSSI": -48, "RTT": -1.0, "new_BSSID": false}
data sent
{"Protocol": "TCP", "RSSI": -48, "RTT": 0.0, "new_BSSID": false}
data sent
{"Protocol": "TCP", "RSSI": -48, "RTT": 0.0, "new_BSSID": false}
data sent
{"Protocol": "TCP", "RSSI": -48, "RTT": 0.0, "new_BSSID": false}
data sent
{"Protocol": "TCP", "RSSI": -48, "RTT": 0.0, "new_BSSID": false}
data sent
{"Protocol": "TCP", "RSSI": -48, "RTT": 0.0, "new_BSSID": false}
data sent
{"Protocol": "TCP", "RSSI": -48, "RTT": 0.0, "new_BSSID": false}
data sent
{"Protocol": "TCP", "RSSI": -48, "RTT": 0.0, "new_BSSID": false}
data sent
{"Protocol": "TCP", "RSSI": -48, "RTT": 0.0, "new_BSSID": false}
data sent
{"Protocol": "TCP", "RSSI": -48, "RTT": 0.0, "new_BSSID": false}
data sent
{"Protocol": "TCP", "RSSI": -48, "RTT": 0.0, "new_BSSID": false}
data sent
{"Protocol": "UDP", "RSSI": -48, "RTT": -1.0, "new_BSSID": false}
data sent
{"Protocol": "TCP", "RSSI": -48, "RTT": 0.0, "new_BSSID": false}
data sent
{"Protocol": "TCP", "RSSI": -48, "RTT": 0.0, "new_BSSID": false}
data sent
{"Protocol": "TCP", "RSSI": -48, "RTT": 0.0, "new_BSSID": false}
data sent
{"Protocol": "TCP", "RSSI": -48, "RTT": 0.0, "new_BSSID": false}
data sent
{"Protocol": "UDP", "RSSI": -48, "RTT": -1.0, "new_BSSID": false}
data sent
{"Protocol": "UDP", "RSSI": -48, "RTT": -1.0, "new_BSSID": false}
data sent
{"Protocol": "UDP", "RSSI": -48, "RTT": -1.0, "new_BSSID": false}
data sent
{"Protocol": "TCP", "RSSI": -48, "RTT": 0.0, "new_BSSID": false}
data sent
{"Protocol": "TCP", "RSSI": -48, "RTT": 0.0, "new_BSSID": false}
data sent
{"Protocol": "TCP", "RSSI": -48, "RTT": 0.0, "new_BSSID": false}
data sent
{"Protocol": "TCP", "RSSI": -48, "RTT": 0.0, "new_BSSID": false}
data sent
{"Protocol": "TCP", "RSSI": -48, "RTT": 0.0, "new_BSSID": false}
data sent
{"Protocol": "TCP", "RSSI": -48, "RTT": 0.0, "new_BSSID": false}
data sent
{"Protocol": "UDP", "RSSI": -48, "RTT": -1.0, "new_BSSID": false}
data sent
{"Protocol": "UDP", "RSSI": -48, "RTT": -1.0, "new_BSSID": false}
data sent
{"Protocol": "UDP", "RSSI": -48, "RTT": -1.0, "new_BSSID": false}
data sent
{"Protocol": "UDP", "RSSI": -48, "RTT": -1.0, "new_BSSID": false}
data sent
{"Protocol": "UDP", "RSSI": -48, "RTT": -1.0, "new_BSSID": false}
data sent
{"Protocol": "UDP", "RSSI": -48, "RTT": -1.0, "new_BSSID": false}
data sent
{"Protocol": "UDP", "RSSI": -48, "RTT": -1.0, "new_BSSID": false}
data sent
{"Protocol": "UDP", "RSSI": -48, "RTT": -1.0, "new_BSSID": false}
data sent
{"Protocol": "TCP", "RSSI": -48, "RTT": 0.002084, "new_BSSID": false}
data sent
{"Protocol": "TCP", "RSSI": -48, "RTT": 0.002309, "new_BSSID": false}
data sent
{"Protocol": "TCP", "RSSI": -48, "RTT": 0.002585, "new_BSSID": false}
data sent
{"Protocol": "UDP", "RSSI": -48, "RTT": -1.0, "new_BSSID": false}
data sent
{"Protocol": "UDP", "RSSI": -48, "RTT": -1.0, "new_BSSID": false}
data sent
{"Protocol": "UDP", "RSSI": -48, "RTT": -1.0, "new_BSSID": false}
data sent
{"Protocol": "UDP", "RSSI": -48, "RTT": -1.0, "new_BSSID": false}
data sent
{"Protocol": "UDP", "RSSI": -48, "RTT": -1.0, "new_BSSID": false}
data sent
{"Protocol": "UDP", "RSSI": -48, "RTT": -1.0, "new_BSSID": false}
data sent
{"Protocol": "UDP", "RSSI": -48, "RTT": -1.0, "new_BSSID": false}
data sent
{"Protocol": "UDP", "RSSI": -48, "RTT": -1.0, "new_BSSID": false}
data sent
{"Protocol": "UDP", "RSSI": -48, "RTT": -1.0, "new_BSSID": false}
data sent
{"Protocol": "UDP", "RSSI": -48, "RTT": -1.0, "new_BSSID": false}
data sent
{"Protocol": "UDP", "RSSI": -48, "RTT": -1.0, "new_BSSID": false}
data sent
{"Protocol": "TCP", "RSSI": -48, "RTT": 0.0, "new_BSSID": false}
data sent
{"Protocol": "TCP", "RSSI": -48, "RTT": 0.0, "new_BSSID": false}
data sent
{"Protocol": "TCP", "RSSI": -48, "RTT": 0.0, "new_BSSID": false}
data sent
{"Protocol": "UDP", "RSSI": -48, "RTT": -1.0, "new_BSSID": false}
data sent
{"Protocol": "UDP", "RSSI": -46, "RTT": -1.0, "new_BSSID": false}
data sent
{"Protocol": "UDP", "RSSI": -46, "RTT": -1.0, "new_BSSID": false}
data sent
{"Protocol": "UDP", "RSSI": -46, "RTT": -1.0, "new_BSSID": false}
data sent
{"Protocol": "UDP", "RSSI": -46, "RTT": -1.0, "new_BSSID": false}
data sent
{"Protocol": "UDP", "RSSI": -46, "RTT": -1.0, "new_BSSID": false}
data sent
{"Protocol": "UDP", "RSSI": -46, "RTT": -1.0, "new_BSSID": false}
data sent
{"Protocol": "UDP", "RSSI": -46, "RTT": -1.0, "new_BSSID": false}
data sent
{"Protocol": "UDP", "RSSI": -46, "RTT": -1.0, "new_BSSID": false}
data sent
{"Protocol": "TCP", "RSSI": -46, "RTT": 0.0, "new_BSSID": false}
data sent
{"Protocol": "TCP", "RSSI": -46, "RTT": 0.000982, "new_BSSID": false}
data sent
{"Protocol": "UDP", "RSSI": -46, "RTT": -1.0, "new_BSSID": false}
data sent
{"Protocol": "UDP", "RSSI": -46, "RTT": -1.0, "new_BSSID": false}
data sent
{"Protocol": "UDP", "RSSI": -46, "RTT": -1.0, "new_BSSID": false}
data sent
{"Protocol": "UDP", "RSSI": -46, "RTT": -1.0, "new_BSSID": false}
data sent
{"Protocol": "UDP", "RSSI": -46, "RTT": -1.0, "new_BSSID": false}
data sent
{"Protocol": "UDP", "RSSI": -46, "RTT": -1.0, "new_BSSID": false}
data sent
{"Protocol": "UDP", "RSSI": -46, "RTT": -1.0, "new_BSSID": false}
data sent
{"Protocol": "UDP", "RSSI": -46, "RTT": -1.0, "new_BSSID": false}
data sent
{"Protocol": "UDP", "RSSI": -46, "RTT": -1.0, "new_BSSID": false}
data sent
{"Protocol": "UDP", "RSSI": -46, "RTT": -1.0, "new_BSSID": false}
data sent
{"Protocol": "TCP", "RSSI": -46, "RTT": 0.001263, "new_BSSID": false}
data sent
{"Protocol": "UDP", "RSSI": -46, "RTT": -1.0, "new_BSSID": false}
data sent
{"Protocol": "UDP", "RSSI": -46, "RTT": -1.0, "new_BSSID": false}
data sent
{"Protocol": "UDP", "RSSI": -46, "RTT": -1.0, "new_BSSID": false}
data sent
{"Protocol": "UDP", "RSSI": -46, "RTT": -1.0, "new_BSSID": false}
data sent
{"Protocol": "TCP", "RSSI": -46, "RTT": 0.0, "new_BSSID": false}
data sent
{"Protocol": "TCP", "RSSI": -46, "RTT": 0.0, "new_BSSID": false}
data sent
{"Protocol": "TCP", "RSSI": -46, "RTT": 0.0, "new_BSSID": false}
data sent
{"Protocol": "TCP", "RSSI": -46, "RTT": 0.0, "new_BSSID": false}
data sent
{"Protocol": "TCP", "RSSI": -46, "RTT": 0.0, "new_BSSID": false}
data sent
{"Protocol": "TCP", "RSSI": -46, "RTT": 0.0, "new_BSSID": false}
data sent
{"Protocol": "TCP", "RSSI": -46, "RTT": 0.0, "new_BSSID": false}
data sent
{"Protocol": "TCP", "RSSI": -46, "RTT": 0.0, "new_BSSID": false}
data sent
{"Protocol": "TCP", "RSSI": -46, "RTT": 0.0, "new_BSSID": false}
data sent
{"Protocol": "TCP", "RSSI": -46, "RTT": 0.0, "new_BSSID": false}
data sent
{"Protocol": "TCP", "RSSI": -46, "RTT": 0.0, "new_BSSID": false}
data sent
{"Protocol": "TCP", "RSSI": -46, "RTT": 0.0, "new_BSSID": false}
data sent
{"Protocol": "TCP", "RSSI": -46, "RTT": 0.0, "new_BSSID": false}
data sent
{"Protocol": "TCP", "RSSI": -46, "RTT": 0.0, "new_BSSID": false}
data sent
{"Protocol": "TCP", "RSSI": -46, "RTT": 0.0, "new_BSSID": false}
data sent
{"Protocol": "TCP", "RSSI": -46, "RTT": 0.0, "new_BSSID": false}
data sent
{"Protocol": "TCP", "RSSI": -46, "RTT": 0.0, "new_BSSID": false}
data sent
{"Protocol": "TCP", "RSSI": -46, "RTT": 0.0, "new_BSSID": false}
data sent
{"Protocol": "TCP", "RSSI": -46, "RTT": 0.0, "new_BSSID": false}
data sent
{"Protocol": "TCP", "RSSI": -46, "RTT": 0.0, "new_BSSID": false}
data sent
{"Protocol": "TCP", "RSSI": -46, "RTT": 0.0, "new_BSSID": false}
data sent
{"Protocol": "TCP", "RSSI": -46, "RTT": 0.0, "new_BSSID": false}
data sent
{"Protocol": "TCP", "RSSI": -46, "RTT": 0.0, "new_BSSID": false}
data sent
{"Protocol": "TCP", "RSSI": -46, "RTT": 0.0, "new_BSSID": false}
data sent
{"Protocol": "TCP", "RSSI": -46, "RTT": 0.0, "new_BSSID": false}
data sent
{"Protocol": "TCP", "RSSI": -46, "RTT": 0.0, "new_BSSID": false}
data sent
{"Protocol": "TCP", "RSSI": -46, "RTT": 0.0, "new_BSSID": false}
data sent
{"Protocol": "TCP", "RSSI": -46, "RTT": 0.0, "new_BSSID": false}
data sent
{"Protocol": "TCP", "RSSI": -46, "RTT": 0.0, "new_BSSID": false}
data sent
{"Protocol": "TCP", "RSSI": -46, "RTT": 0.0, "new_BSSID": false}
data sent
{"Protocol": "TCP", "RSSI": -46, "RTT": 0.0, "new_BSSID": false}
data sent
{"Protocol": "TCP", "RSSI": -46, "RTT": 0.0, "new_BSSID": false}
data sent
{"Protocol": "TCP", "RSSI": -46, "RTT": 0.003293, "new_BSSID": false}
data sent
{"Protocol": "UDP", "RSSI": -46, "RTT": -1.0, "new_BSSID": false}
data sent
{"Protocol": "UDP", "RSSI": -46, "RTT": -1.0, "new_BSSID": false}
data sent
{"Protocol": "UDP", "RSSI": -46, "RTT": -1.0, "new_BSSID": false}
data sent
{"Protocol": "UDP", "RSSI": -46, "RTT": -1.0, "new_BSSID": false}
data sent
{"Protocol": "UDP", "RSSI": -46, "RTT": -1.0, "new_BSSID": false}
data sent
{"Protocol": "UDP", "RSSI": -46, "RTT": -1.0, "new_BSSID": false}
data sent
{"Protocol": "UDP", "RSSI": -46, "RTT": -1.0, "new_BSSID": false}
data sent
{"Protocol": "UDP", "RSSI": -46, "RTT": -1.0, "new_BSSID": false}
data sent
{"Protocol": "UDP", "RSSI": -46, "RTT": -1.0, "new_BSSID": false}
data sent
{"Protocol": "UDP", "RSSI": -46, "RTT": -1.0, "new_BSSID": false}
data sent
{"Protocol": "UDP", "RSSI": -46, "RTT": -1.0, "new_BSSID": false}
data sent
{"Protocol": "UDP", "RSSI": -51, "RTT": -1.0, "new_BSSID": false}
data sent
{"Protocol": "UDP", "RSSI": -51, "RTT": -1.0, "new_BSSID": false}
data sent
{"Protocol": "UDP", "RSSI": -51, "RTT": -1.0, "new_BSSID": false}
data sent
{"Protocol": "UDP", "RSSI": -51, "RTT": -1.0, "new_BSSID": false}
data sent
{"Protocol": "UDP", "RSSI": -51, "RTT": -1.0, "new_BSSID": false}
data sent
{"Protocol": "TCP", "RSSI": -51, "RTT": 0.0, "new_BSSID": false}
data sent
{"Protocol": "UDP", "RSSI": -51, "RTT": -1.0, "new_BSSID": false}
data sent
{"Protocol": "TCP", "RSSI": -51, "RTT": 0.0, "new_BSSID": false}
data sent
{"Protocol": "UDP", "RSSI": -51, "RTT": -1.0, "new_BSSID": false}
data sent
{"Protocol": "UDP", "RSSI": -51, "RTT": -1.0, "new_BSSID": false}
data sent
{"Protocol": "TCP", "RSSI": -51, "RTT": 0.0, "new_BSSID": false}
data sent
{"Protocol": "UDP", "RSSI": -51, "RTT": -1.0, "new_BSSID": false}
data sent
{"Protocol": "TCP", "RSSI": -51, "RTT": 0.0, "new_BSSID": false}
data sent
{"Protocol": "TCP", "RSSI": -51, "RTT": 0.0, "new_BSSID": false}
data sent
{"Protocol": "TCP", "RSSI": -51, "RTT": 0.0, "new_BSSID": false}
data sent
{"Protocol": "TCP", "RSSI": -51, "RTT": 0.0, "new_BSSID": false}
data sent
{"Protocol": "TCP", "RSSI": -51, "RTT": 0.0, "new_BSSID": false}
data sent
{"Protocol": "TCP", "RSSI": -51, "RTT": 0.0, "new_BSSID": false}
data sent
{"Protocol": "TCP", "RSSI": -51, "RTT": 0.0, "new_BSSID": false}
data sent
{"Protocol": "TCP", "RSSI": -51, "RTT": 0.0, "new_BSSID": false}
data sent
{"Protocol": "TCP", "RSSI": -51, "RTT": 0.0, "new_BSSID": false}
data sent
{"Protocol": "TCP", "RSSI": -51, "RTT": 0.0, "new_BSSID": false}
data sent
{"Protocol": "TCP", "RSSI": -51, "RTT": 0.0, "new_BSSID": false}
data sent
{"Protocol": "TCP", "RSSI": -51, "RTT": 0.0, "new_BSSID": false}
data sent
{"Protocol": "TCP", "RSSI": -51, "RTT": 0.0, "new_BSSID": false}
data sent
{"Protocol": "TCP", "RSSI": -51, "RTT": 0.0, "new_BSSID": false}
data sent
{"Protocol": "TCP", "RSSI": -51, "RTT": 0.0, "new_BSSID": false}
data sent
{"Protocol": "TCP", "RSSI": -51, "RTT": 0.0, "new_BSSID": false}
data sent
{"Protocol": "TCP", "RSSI": -51, "RTT": 0.0, "new_BSSID": false}
data sent
{"Protocol": "TCP", "RSSI": -51, "RTT": 0.0, "new_BSSID": false}
data sent
{"Protocol": "TCP", "RSSI": -51, "RTT": 0.0, "new_BSSID": false}
data sent
{"Protocol": "TCP", "RSSI": -49, "RTT": 0.0, "new_BSSID": false}
data sent
{"Protocol": "TCP", "RSSI": -49, "RTT": 0.0, "new_BSSID": false}
data sent
{"Protocol": "TCP", "RSSI": -49, "RTT": 0.0, "new_BSSID": false}
data sent
{"Protocol": "TCP", "RSSI": -49, "RTT": 0.0, "new_BSSID": false}
data sent
{"Protocol": "TCP", "RSSI": -49, "RTT": 0.0, "new_BSSID": false}
data sent
{"Protocol": "TCP", "RSSI": -49, "RTT": 0.0, "new_BSSID": false}
data sent
{"Protocol": "TCP", "RSSI": -49, "RTT": 0.0, "new_BSSID": false}
data sent
{"Protocol": "TCP", "RSSI": -49, "RTT": 0.0, "new_BSSID": false}
data sent
{"Protocol": "TCP", "RSSI": -49, "RTT": 0.0, "new_BSSID": false}
data sent
{"Protocol": "TCP", "RSSI": -49, "RTT": 0.0, "new_BSSID": false}
data sent
{"Protocol": "UDP", "RSSI": -49, "RTT": -1.0, "new_BSSID": false}
data sent
{"Protocol": "UDP", "RSSI": -49, "RTT": -1.0, "new_BSSID": false}
data sent
{"Protocol": "UDP", "RSSI": -49, "RTT": -1.0, "new_BSSID": false}
data sent
{"Protocol": "UDP", "RSSI": -49, "RTT": -1.0, "new_BSSID": false}
data sent
{"Protocol": "UDP", "RSSI": -49, "RTT": -1.0, "new_BSSID": false}
data sent
{"Protocol": "UDP", "RSSI": -49, "RTT": -1.0, "new_BSSID": false}
data sent
{"Protocol": "UDP", "RSSI": -49, "RTT": -1.0, "new_BSSID": false}
data sent
{"Protocol": "UDP", "RSSI": -49, "RTT": -1.0, "new_BSSID": false}
data sent
{"Protocol": "UDP", "RSSI": -49, "RTT": -1.0, "new_BSSID": false}
data sent
{"Protocol": "UDP", "RSSI": -49, "RTT": -1.0, "new_BSSID": false}
data sent
{"Protocol": "TCP", "RSSI": -49, "RTT": 0.003265, "new_BSSID": false}
data sent
{"Protocol": "UDP", "RSSI": -49, "RTT": -1.0, "new_BSSID": false}
data sent
{"Protocol": "UDP", "RSSI": -49, "RTT": -1.0, "new_BSSID": false}
data sent
{"Protocol": "UDP", "RSSI": -49, "RTT": -1.0, "new_BSSID": false}
data sent
{"Protocol": "TCP", "RSSI": -49, "RTT": 0.0, "new_BSSID": false}
data sent
{"Protocol": "TCP", "RSSI": -49, "RTT": 0.0, "new_BSSID": false}
data sent
{"Protocol": "TCP", "RSSI": -49, "RTT": 0.0, "new_BSSID": false}
data sent
{"Protocol": "TCP", "RSSI": -49, "RTT": 0.0, "new_BSSID": false}
data sent
{"Protocol": "TCP", "RSSI": -49, "RTT": 0.000436, "new_BSSID": false}
data sent
{"Protocol": "TCP", "RSSI": -49, "RTT": 0.0, "new_BSSID": false}
data sent
{"Protocol": "TCP", "RSSI": -49, "RTT": 0.0, "new_BSSID": false}
data sent
{"Protocol": "TCP", "RSSI": -49, "RTT": 0.0, "new_BSSID": false}
data sent
{"Protocol": "TCP", "RSSI": -49, "RTT": 0.0, "new_BSSID": false}
data sent
{"Protocol": "TCP", "RSSI": -49, "RTT": 0.0, "new_BSSID": false}
data sent
{"Protocol": "TCP", "RSSI": -49, "RTT": 0.0, "new_BSSID": false}
data sent
{"Protocol": "TCP", "RSSI": -49, "RTT": 0.0, "new_BSSID": false}
data sent
{"Protocol": "TCP", "RSSI": -49, "RTT": 0.0, "new_BSSID": false}
data sent
{"Protocol": "TCP", "RSSI": -49, "RTT": 0.0, "new_BSSID": false}
data sent
{"Protocol": "TCP", "RSSI": -49, "RTT": 0.0, "new_BSSID": false}
data sent
{"Protocol": "TCP", "RSSI": -49, "RTT": 0.0, "new_BSSID": false}
data sent
{"Protocol": "TCP", "RSSI": -49, "RTT": 0.0, "new_BSSID": false}
data sent
{"Protocol": "TCP", "RSSI": -49, "RTT": 0.0, "new_BSSID": false}
data sent
{"Protocol": "TCP", "RSSI": -49, "RTT": 0.0, "new_BSSID": false}
data sent
{"Protocol": "TCP", "RSSI": -49, "RTT": 0.0, "new_BSSID": false}
data sent
{"Protocol": "TCP", "RSSI": -49, "RTT": 0.0, "new_BSSID": false}
data sent
{"Protocol": "TCP", "RSSI": -49, "RTT": 0.0, "new_BSSID": false}
data sent
{"Protocol": "TCP", "RSSI": -49, "RTT": 0.0016, "new_BSSID": false}
data sent
{"Protocol": "UDP", "RSSI": -49, "RTT": -1.0, "new_BSSID": false}
data sent
{"Protocol": "UDP", "RSSI": -49, "RTT": -1.0, "new_BSSID": false}
data sent
{"Protocol": "UDP", "RSSI": -49, "RTT": -1.0, "new_BSSID": false}
data sent
{"Protocol": "UDP", "RSSI": -49, "RTT": -1.0, "new_BSSID": false}
data sent
{"Protocol": "UDP", "RSSI": -49, "RTT": -1.0, "new_BSSID": false}
data sent
{"Protocol": "UDP", "RSSI": -49, "RTT": -1.0, "new_BSSID": false}
data sent
{"Protocol": "UDP", "RSSI": -49, "RTT": -1.0, "new_BSSID": false}
data sent
{"Protocol": "UDP", "RSSI": -49, "RTT": -1.0, "new_BSSID": false}
data sent
{"Protocol": "UDP", "RSSI": -49, "RTT": -1.0, "new_BSSID": false}
data sent
{"Protocol": "UDP", "RSSI": -49, "RTT": -1.0, "new_BSSID": false}
data sent
{"Protocol": "TCP", "RSSI": -49, "RTT": 0.0, "new_BSSID": false}
data sent
{"Protocol": "TCP", "RSSI": -49, "RTT": 0.0, "new_BSSID": false}
data sent
{"Protocol": "TCP", "RSSI": -49, "RTT": 0.0, "new_BSSID": false}
data sent
{"Protocol": "TCP", "RSSI": -49, "RTT": 0.0, "new_BSSID": false}
data sent
{"Protocol": "TCP", "RSSI": -49, "RTT": 0.0, "new_BSSID": false}
data sent
{"Protocol": "TCP", "RSSI": -49, "RTT": 0.0, "new_BSSID": false}
data sent
{"Protocol": "TCP", "RSSI": -49, "RTT": 0.0, "new_BSSID": false}
data sent
{"Protocol": "TCP", "RSSI": -49, "RTT": 0.0, "new_BSSID": false}
data sent
{"Protocol": "TCP", "RSSI": -49, "RTT": 0.0, "new_BSSID": false}
data sent
{"Protocol": "TCP", "RSSI": -49, "RTT": 0.0, "new_BSSID": false}
data sent
{"Protocol": "TCP", "RSSI": -49, "RTT": 0.0, "new_BSSID": false}
data sent
{"Protocol": "TCP", "RSSI": -49, "RTT": 0.0, "new_BSSID": false}
data sent
{"Protocol": "TCP", "RSSI": -49, "RTT": 0.0, "new_BSSID": false}
data sent
{"Protocol": "TCP", "RSSI": -49, "RTT": 0.0, "new_BSSID": false}
data sent
{"Protocol": "TCP", "RSSI": -49, "RTT": 0.0, "new_BSSID": false}
data sent
{"Protocol": "TCP", "RSSI": -49, "RTT": 0.0, "new_BSSID": false}
data sent
{"Protocol": "TCP", "RSSI": -49, "RTT": 0.0, "new_BSSID": false}
data sent
{"Protocol": "TCP", "RSSI": -49, "RTT": 0.0, "new_BSSID": false}
data sent
{"Protocol": "TCP", "RSSI": -49, "RTT": 0.0, "new_BSSID": false}
data sent
{"Protocol": "TCP", "RSSI": -49, "RTT": 0.0, "new_BSSID": false}
data sent
{"Protocol": "TCP", "RSSI": -49, "RTT": 0.0, "new_BSSID": false}
data sent
{"Protocol": "TCP", "RSSI": -49, "RTT": 0.0, "new_BSSID": false}
data sent
{"Protocol": "TCP", "RSSI": -49, "RTT": 0.0, "new_BSSID": false}
data sent
{"Protocol": "TCP", "RSSI": -49, "RTT": 0.0, "new_BSSID": false}
data sent
{"Protocol": "TCP", "RSSI": -49, "RTT": 0.0, "new_BSSID": false}
data sent
{"Protocol": "TCP", "RSSI": -49, "RTT": 0.0, "new_BSSID": false}
data sent
{"Protocol": "TCP", "RSSI": -49, "RTT": 0.0, "new_BSSID": false}
data sent
{"Protocol": "UDP", "RSSI": -49, "RTT": -1.0, "new_BSSID": false}
data sent
{"Protocol": "TCP", "RSSI": -49, "RTT": 0.002762, "new_BSSID": false}
data sent
{"Protocol": "TCP", "RSSI": -49, "RTT": 0.0, "new_BSSID": false}
data sent
{"Protocol": "TCP", "RSSI": -49, "RTT": 0.0, "new_BSSID": false}
data sent
{"Protocol": "TCP", "RSSI": -49, "RTT": 0.0, "new_BSSID": false}
data sent
{"Protocol": "TCP", "RSSI": -49, "RTT": 0.000407, "new_BSSID": false}
data sent
{"Protocol": "UDP", "RSSI": -49, "RTT": -1.0, "new_BSSID": false}
data sent
{"Protocol": "UDP", "RSSI": -47, "RTT": -1.0, "new_BSSID": false}
data sent
{"Protocol": "UDP", "RSSI": -47, "RTT": -1.0, "new_BSSID": false}
data sent
{"Protocol": "UDP", "RSSI": -47, "RTT": -1.0, "new_BSSID": false}
data sent
{"Protocol": "UDP", "RSSI": -47, "RTT": -1.0, "new_BSSID": false}
data sent
{"Protocol": "UDP", "RSSI": -47, "RTT": -1.0, "new_BSSID": false}
data sent
{"Protocol": "UDP", "RSSI": -47, "RTT": -1.0, "new_BSSID": false}
data sent
{"Protocol": "UDP", "RSSI": -47, "RTT": -1.0, "new_BSSID": false}
data sent
{"Protocol": "UDP", "RSSI": -47, "RTT": -1.0, "new_BSSID": false}
data sent
{"Protocol": "UDP", "RSSI": -47, "RTT": -1.0, "new_BSSID": false}
data sent
{"Protocol": "UDP", "RSSI": -47, "RTT": -1.0, "new_BSSID": false}
data sent
{"Protocol": "UDP", "RSSI": -47, "RTT": -1.0, "new_BSSID": false}
data sent
{"Protocol": "UDP", "RSSI": -47, "RTT": -1.0, "new_BSSID": false}
data sent
{"Protocol": "UDP", "RSSI": -47, "RTT": -1.0, "new_BSSID": false}
data sent
{"Protocol": "UDP", "RSSI": -47, "RTT": -1.0, "new_BSSID": false}
data sent
{"Protocol": "UDP", "RSSI": -47, "RTT": -1.0, "new_BSSID": false}
data sent
{"Protocol": "UDP", "RSSI": -47, "RTT": -1.0, "new_BSSID": false}
data sent
{"Protocol": "UDP", "RSSI": -47, "RTT": -1.0, "new_BSSID": false}
data sent
{"Protocol": "UDP", "RSSI": -47, "RTT": -1.0, "new_BSSID": false}
data sent
{"Protocol": "UDP", "RSSI": -47, "RTT": -1.0, "new_BSSID": false}
data sent
{"Protocol": "UDP", "RSSI": -47, "RTT": -1.0, "new_BSSID": false}
data sent
{"Protocol": "UDP", "RSSI": -47, "RTT": -1.0, "new_BSSID": false}
data sent
{"Protocol": "UDP", "RSSI": -47, "RTT": -1.0, "new_BSSID": false}
data sent
{"Protocol": "UDP", "RSSI": -47, "RTT": -1.0, "new_BSSID": false}
data sent
{"Protocol": "UDP", "RSSI": -47, "RTT": -1.0, "new_BSSID": false}
data sent
{"Protocol": "UDP", "RSSI": -47, "RTT": -1.0, "new_BSSID": false}
data sent
{"Protocol": "UDP", "RSSI": -47, "RTT": -1.0, "new_BSSID": false}
data sent
{"Protocol": "UDP", "RSSI": -47, "RTT": -1.0, "new_BSSID": false}
data sent
{"Protocol": "UDP", "RSSI": -47, "RTT": -1.0, "new_BSSID": false}
data sent
{"Protocol": "UDP", "RSSI": -47, "RTT": -1.0, "new_BSSID": false}
data sent
{"Protocol": "UDP", "RSSI": -47, "RTT": -1.0, "new_BSSID": false}
data sent
{"Protocol": "UDP", "RSSI": -47, "RTT": -1.0, "new_BSSID": false}
data sent
{"Protocol": "UDP", "RSSI": -47, "RTT": -1.0, "new_BSSID": false}
data sent
{"Protocol": "UDP", "RSSI": -47, "RTT": -1.0, "new_BSSID": false}
data sent
{"Protocol": "UDP", "RSSI": -47, "RTT": -1.0, "new_BSSID": false}
data sent
{"Protocol": "UDP", "RSSI": -47, "RTT": -1.0, "new_BSSID": false}
data sent
{"Protocol": "UDP", "RSSI": -47, "RTT": -1.0, "new_BSSID": false}
data sent
{"Protocol": "UDP", "RSSI": -47, "RTT": -1.0, "new_BSSID": false}
data sent
{"Protocol": "UDP", "RSSI": -47, "RTT": -1.0, "new_BSSID": false}
data sent
{"Protocol": "UDP", "RSSI": -47, "RTT": -1.0, "new_BSSID": false}
data sent
{"Protocol": "UDP", "RSSI": -47, "RTT": -1.0, "new_BSSID": false}
data sent
{"Protocol": "UDP", "RSSI": -47, "RTT": -1.0, "new_BSSID": false}
data sent
{"Protocol": "UDP", "RSSI": -47, "RTT": -1.0, "new_BSSID": false}
data sent
{"Protocol": "UDP", "RSSI": -47, "RTT": -1.0, "new_BSSID": false}
data sent
{"Protocol": "UDP", "RSSI": -47, "RTT": -1.0, "new_BSSID": false}
data sent
{"Protocol": "UDP", "RSSI": -47, "RTT": -1.0, "new_BSSID": false}
data sent
{"Protocol": "UDP", "RSSI": -47, "RTT": -1.0, "new_BSSID": false}
data sent
{"Protocol": "UDP", "RSSI": -47, "RTT": -1.0, "new_BSSID": false}
data sent
{"Protocol": "UDP", "RSSI": -47, "RTT": -1.0, "new_BSSID": false}
data sent
{"Protocol": "UDP", "RSSI": -47, "RTT": -1.0, "new_BSSID": false}
data sent
{"Protocol": "UDP", "RSSI": -47, "RTT": -1.0, "new_BSSID": false}
data sent
{"Protocol": "UDP", "RSSI": -47, "RTT": -1.0, "new_BSSID": false}
data sent
{"Protocol": "UDP", "RSSI": -47, "RTT": -1.0, "new_BSSID": false}
data sent
{"Protocol": "UDP", "RSSI": -47, "RTT": -1.0, "new_BSSID": false}
data sent
{"Protocol": "UDP", "RSSI": -47, "RTT": -1.0, "new_BSSID": false}
data sent
{"Protocol": "UDP", "RSSI": -47, "RTT": -1.0, "new_BSSID": false}
data sent
{"Protocol": "UDP", "RSSI": -47, "RTT": -1.0, "new_BSSID": false}
data sent
{"Protocol": "UDP", "RSSI": -47, "RTT": -1.0, "new_BSSID": false}
data sent
{"Protocol": "UDP", "RSSI": -47, "RTT": -1.0, "new_BSSID": false}
data sent
{"Protocol": "UDP", "RSSI": -47, "RTT": -1.0, "new_BSSID": false}
data sent
{"Protocol": "UDP", "RSSI": -47, "RTT": -1.0, "new_BSSID": false}
data sent
{"Protocol": "UDP", "RSSI": -47, "RTT": -1.0, "new_BSSID": false}
data sent
{"Protocol": "UDP", "RSSI": -47, "RTT": -1.0, "new_BSSID": false}
data sent
{"Protocol": "UDP", "RSSI": -47, "RTT": -1.0, "new_BSSID": false}
data sent
{"Protocol": "UDP", "RSSI": -47, "RTT": -1.0, "new_BSSID": false}
data sent
{"Protocol": "UDP", "RSSI": -47, "RTT": -1.0, "new_BSSID": false}
data sent
{"Protocol": "UDP", "RSSI": -47, "RTT": -1.0, "new_BSSID": false}
data sent
{"Protocol": "UDP", "RSSI": -47, "RTT": -1.0, "new_BSSID": false}
data sent
{"Protocol": "UDP", "RSSI": -47, "RTT": -1.0, "new_BSSID": false}
data sent
{"Protocol": "UDP", "RSSI": -47, "RTT": -1.0, "new_BSSID": false}
data sent
{"Protocol": "UDP", "RSSI": -47, "RTT": -1.0, "new_BSSID": false}
data sent
{"Protocol": "UDP", "RSSI": -47, "RTT": -1.0, "new_BSSID": false}
data sent
{"Protocol": "UDP", "RSSI": -47, "RTT": -1.0, "new_BSSID": false}
data sent
{"Protocol": "TCP", "RSSI": -47, "RTT": 0.0, "new_BSSID": false}
data sent
{"Protocol": "UDP", "RSSI": -47, "RTT": -1.0, "new_BSSID": false}
data sent
{"Protocol": "TCP", "RSSI": -47, "RTT": 0.0, "new_BSSID": false}
data sent
{"Protocol": "TCP", "RSSI": -47, "RTT": 0.0, "new_BSSID": false}
data sent
{"Protocol": "TCP", "RSSI": -47, "RTT": 0.0, "new_BSSID": false}
data sent
{"Protocol": "TCP", "RSSI": -47, "RTT": 0.0, "new_BSSID": false}
data sent
{"Protocol": "TCP", "RSSI": -47, "RTT": 0.0, "new_BSSID": false}
data sent
{"Protocol": "TCP", "RSSI": -47, "RTT": 0.0, "new_BSSID": false}
data sent
{"Protocol": "TCP", "RSSI": -47, "RTT": 0.0, "new_BSSID": false}
data sent
{"Protocol": "TCP", "RSSI": -47, "RTT": 0.0, "new_BSSID": false}
data sent
{"Protocol": "TCP", "RSSI": -47, "RTT": 0.0, "new_BSSID": false}
data sent
{"Protocol": "TCP", "RSSI": -47, "RTT": 0.0, "new_BSSID": false}
data sent
{"Protocol": "TCP", "RSSI": -47, "RTT": 0.0, "new_BSSID": false}
data sent
{"Protocol": "TCP", "RSSI": -47, "RTT": 0.0, "new_BSSID": false}
data sent
{"Protocol": "TCP", "RSSI": -47, "RTT": 0.0, "new_BSSID": false}
data sent
{"Protocol": "TCP", "RSSI": -47, "RTT": 0.0, "new_BSSID": false}
data sent
{"Protocol": "TCP", "RSSI": -47, "RTT": 0.0, "new_BSSID": false}
data sent
{"Protocol": "TCP", "RSSI": -47, "RTT": 0.0, "new_BSSID": false}
data sent
{"Protocol": "TCP", "RSSI": -47, "RTT": 0.0, "new_BSSID": false}
data sent
{"Protocol": "TCP", "RSSI": -47, "RTT": 0.0, "new_BSSID": false}
data sent
{"Protocol": "TCP", "RSSI": -47, "RTT": 0.0, "new_BSSID": false}
data sent
{"Protocol": "TCP", "RSSI": -47, "RTT": 0.0, "new_BSSID": false}
data sent
{"Protocol": "TCP", "RSSI": -47, "RTT": 0.0, "new_BSSID": false}
data sent
{"Protocol": "TCP", "RSSI": -47, "RTT": 0.0, "new_BSSID": false}
data sent
{"Protocol": "TCP", "RSSI": -47, "RTT": 0.0, "new_BSSID": false}
data sent
{"Protocol": "TCP", "RSSI": -47, "RTT": 0.0, "new_BSSID": false}
data sent
{"Protocol": "TCP", "RSSI": -47, "RTT": 0.0, "new_BSSID": false}
data sent
{"Protocol": "TCP", "RSSI": -47, "RTT": 0.0, "new_BSSID": false}
data sent
{"Protocol": "TCP", "RSSI": -47, "RTT": 0.0, "new_BSSID": false}
data sent
{"Protocol": "TCP", "RSSI": -47, "RTT": 0.0, "new_BSSID": false}
data sent
{"Protocol": "TCP", "RSSI": -47, "RTT": 0.0, "new_BSSID": false}
data sent
{"Protocol": "TCP", "RSSI": -47, "RTT": 0.0, "new_BSSID": false}
data sent
{"Protocol": "TCP", "RSSI": -47, "RTT": 0.0, "new_BSSID": false}
data sent
{"Protocol": "TCP", "RSSI": -47, "RTT": 0.003185, "new_BSSID": false}
data sent
{"Protocol": "UDP", "RSSI": -47, "RTT": -1.0, "new_BSSID": false}
data sent
{"Protocol": "TCP", "RSSI": -47, "RTT": 0.0, "new_BSSID": false}
data sent
{"Protocol": "TCP", "RSSI": -47, "RTT": 0.0, "new_BSSID": false}
data sent
{"Protocol": "TCP", "RSSI": -47, "RTT": 0.0, "new_BSSID": false}
data sent
{"Protocol": "TCP", "RSSI": -47, "RTT": 0.0, "new_BSSID": false}
data sent
{"Protocol": "TCP", "RSSI": -47, "RTT": 0.0, "new_BSSID": false}
data sent
{"Protocol": "TCP", "RSSI": -47, "RTT": 0.0, "new_BSSID": false}
data sent
{"Protocol": "TCP", "RSSI": -47, "RTT": 0.0, "new_BSSID": false}
data sent
{"Protocol": "TCP", "RSSI": -47, "RTT": 0.0, "new_BSSID": false}
data sent
{"Protocol": "TCP", "RSSI": -47, "RTT": 0.0, "new_BSSID": false}
data sent
{"Protocol": "TCP", "RSSI": -47, "RTT": 0.0, "new_BSSID": false}
data sent
{"Protocol": "TCP", "RSSI": -47, "RTT": 0.0, "new_BSSID": false}
data sent
{"Protocol": "TCP", "RSSI": -47, "RTT": 0.0, "new_BSSID": false}
data sent
{"Protocol": "TCP", "RSSI": -47, "RTT": 0.0, "new_BSSID": false}
data sent
{"Protocol": "TCP", "RSSI": -47, "RTT": 0.0, "new_BSSID": false}
data sent
{"Protocol": "TCP", "RSSI": -47, "RTT": 0.0, "new_BSSID": false}
data sent
{"Protocol": "TCP", "RSSI": -47, "RTT": 0.0, "new_BSSID": false}
data sent
{"Protocol": "TCP", "RSSI": -47, "RTT": 0.0, "new_BSSID": false}
data sent
{"Protocol": "TCP", "RSSI": -47, "RTT": 0.0, "new_BSSID": false}
data sent
{"Protocol": "TCP", "RSSI": -47, "RTT": 0.0, "new_BSSID": false}
data sent
{"Protocol": "TCP", "RSSI": -47, "RTT": 0.0, "new_BSSID": false}
data sent
{"Protocol": "TCP", "RSSI": -47, "RTT": 0.0, "new_BSSID": false}
data sent
{"Protocol": "TCP", "RSSI": -47, "RTT": 0.0, "new_BSSID": false}
data sent
{"Protocol": "TCP", "RSSI": -47, "RTT": 0.0, "new_BSSID": false}
data sent
{"Protocol": "TCP", "RSSI": -47, "RTT": 0.0, "new_BSSID": false}
data sent
{"Protocol": "TCP", "RSSI": -47, "RTT": 0.0, "new_BSSID": false}
data sent
{"Protocol": "TCP", "RSSI": -47, "RTT": 0.0, "new_BSSID": false}
data sent
{"Protocol": "TCP", "RSSI": -47, "RTT": 0.0, "new_BSSID": false}
data sent
{"Protocol": "TCP", "RSSI": -47, "RTT": 0.0, "new_BSSID": false}
data sent
{"Protocol": "TCP", "RSSI": -47, "RTT": 0.0, "new_BSSID": false}
data sent
{"Protocol": "TCP", "RSSI": -47, "RTT": 0.0, "new_BSSID": false}
data sent
{"Protocol": "TCP", "RSSI": -47, "RTT": 0.0, "new_BSSID": false}
data sent
{"Protocol": "TCP", "RSSI": -47, "RTT": 0.0, "new_BSSID": false}
data sent
{"Protocol": "TCP", "RSSI": -47, "RTT": 0.003057, "new_BSSID": false}
data sent
{"Protocol": "TCP", "RSSI": -47, "RTT": 0.0, "new_BSSID": false}
data sent
{"Protocol": "TCP", "RSSI": -47, "RTT": 0.0, "new_BSSID": false}
data sent
{"Protocol": "TCP", "RSSI": -47, "RTT": 0.0, "new_BSSID": false}
data sent
{"Protocol": "TCP", "RSSI": -47, "RTT": 0.0, "new_BSSID": false}
data sent
{"Protocol": "TCP", "RSSI": -47, "RTT": 0.0, "new_BSSID": false}
data sent
{"Protocol": "TCP", "RSSI": -47, "RTT": 0.0, "new_BSSID": false}
data sent
{"Protocol": "TCP", "RSSI": -47, "RTT": 0.0, "new_BSSID": false}
data sent
{"Protocol": "TCP", "RSSI": -47, "RTT": 0.0, "new_BSSID": false}
data sent
{"Protocol": "TCP", "RSSI": -47, "RTT": 0.0, "new_BSSID": false}
data sent
{"Protocol": "TCP", "RSSI": -47, "RTT": 0.0, "new_BSSID": false}
data sent
{"Protocol": "TCP", "RSSI": -47, "RTT": 0.0, "new_BSSID": false}
data sent
{"Protocol": "TCP", "RSSI": -47, "RTT": 0.0, "new_BSSID": false}
data sent
{"Protocol": "TCP", "RSSI": -47, "RTT": 0.0, "new_BSSID": false}
data sent
{"Protocol": "TCP", "RSSI": -47, "RTT": 0.0, "new_BSSID": false}
data sent
{"Protocol": "TCP", "RSSI": -47, "RTT": 0.0, "new_BSSID": false}
data sent
{"Protocol": "TCP", "RSSI": -47, "RTT": 0.0, "new_BSSID": false}
data sent
{"Protocol": "TCP", "RSSI": -47, "RTT": 0.0, "new_BSSID": false}
data sent
{"Protocol": "TCP", "RSSI": -47, "RTT": 0.0, "new_BSSID": false}
data sent
{"Protocol": "TCP", "RSSI": -47, "RTT": 0.0, "new_BSSID": false}
data sent
{"Protocol": "TCP", "RSSI": -47, "RTT": 0.0, "new_BSSID": false}
data sent
{"Protocol": "TCP", "RSSI": -47, "RTT": 0.0, "new_BSSID": false}
data sent
{"Protocol": "TCP", "RSSI": -47, "RTT": 0.0, "new_BSSID": false}
data sent
{"Protocol": "TCP", "RSSI": -47, "RTT": 0.0, "new_BSSID": false}
data sent
{"Protocol": "TCP", "RSSI": -47, "RTT": 0.0, "new_BSSID": false}
data sent
{"Protocol": "TCP", "RSSI": -47, "RTT": 0.0015, "new_BSSID": false}
data sent
{"Protocol": "TCP", "RSSI": -47, "RTT": 0.0, "new_BSSID": false}
data sent
{"Protocol": "TCP", "RSSI": -47, "RTT": 8.8e-05, "new_BSSID": false}
data sent
{"Protocol": "TCP", "RSSI": -47, "RTT": 0.0, "new_BSSID": false}
data sent
{"Protocol": "TCP", "RSSI": -47, "RTT": 0.0, "new_BSSID": false}
data sent
{"Protocol": "TCP", "RSSI": -47, "RTT": 0.0, "new_BSSID": false}
data sent
{"Protocol": "TCP", "RSSI": -47, "RTT": 0.0, "new_BSSID": false}
data sent
{"Protocol": "TCP", "RSSI": -47, "RTT": 0.0, "new_BSSID": false}
data sent
{"Protocol": "TCP", "RSSI": -47, "RTT": 0.0, "new_BSSID": false}
data sent
{"Protocol": "TCP", "RSSI": -47, "RTT": 0.0, "new_BSSID": false}
data sent
{"Protocol": "TCP", "RSSI": -47, "RTT": 0.0, "new_BSSID": false}
data sent
{"Protocol": "TCP", "RSSI": -47, "RTT": 0.0, "new_BSSID": false}
data sent
{"Protocol": "TCP", "RSSI": -47, "RTT": 0.0, "new_BSSID": false}
data sent
{"Protocol": "TCP", "RSSI": -47, "RTT": 0.0, "new_BSSID": false}
data sent
{"Protocol": "TCP", "RSSI": -47, "RTT": 0.0, "new_BSSID": false}
data sent
{"Protocol": "TCP", "RSSI": -47, "RTT": 0.0, "new_BSSID": false}
data sent
{"Protocol": "TCP", "RSSI": -47, "RTT": 0.0, "new_BSSID": false}
data sent
{"Protocol": "TCP", "RSSI": -47, "RTT": 0.0, "new_BSSID": false}
data sent
{"Protocol": "TCP", "RSSI": -47, "RTT": 0.0, "new_BSSID": false}
data sent
{"Protocol": "TCP", "RSSI": -47, "RTT": 0.0, "new_BSSID": false}
data sent
{"Protocol": "TCP", "RSSI": -47, "RTT": 0.000817, "new_BSSID": false}
data sent
{"Protocol": "TCP", "RSSI": -47, "RTT": 0.0, "new_BSSID": false}
data sent
{"Protocol": "TCP", "RSSI": -47, "RTT": 0.0, "new_BSSID": false}
data sent
{"Protocol": "UDP", "RSSI": -47, "RTT": -1.0, "new_BSSID": false}
data sent
{"Protocol": "UDP", "RSSI": -47, "RTT": -1.0, "new_BSSID": false}
data sent
{"Protocol": "UDP", "RSSI": -47, "RTT": -1.0, "new_BSSID": false}
data sent
{"Protocol": "UDP", "RSSI": -47, "RTT": -1.0, "new_BSSID": false}
data sent
{"Protocol": "UDP", "RSSI": -47, "RTT": -1.0, "new_BSSID": false}
data sent
{"Protocol": "UDP", "RSSI": -47, "RTT": -1.0, "new_BSSID": false}
data sent
{"Protocol": "UDP", "RSSI": -47, "RTT": -1.0, "new_BSSID": false}
data sent
{"Protocol": "UDP", "RSSI": -47, "RTT": -1.0, "new_BSSID": false}
data sent
{"Protocol": "UDP", "RSSI": -47, "RTT": -1.0, "new_BSSID": false}
data sent
{"Protocol": "UDP", "RSSI": -47, "RTT": -1.0, "new_BSSID": false}
data sent
{"Protocol": "UDP", "RSSI": -47, "RTT": -1.0, "new_BSSID": false}
data sent
{"Protocol": "UDP", "RSSI": -47, "RTT": -1.0, "new_BSSID": false}
data sent
{"Protocol": "TCP", "RSSI": -47, "RTT": 0.000545, "new_BSSID": false}
data sent
{"Protocol": "UDP", "RSSI": -48, "RTT": -1.0, "new_BSSID": false}
data sent
{"Protocol": "UDP", "RSSI": -48, "RTT": -1.0, "new_BSSID": false}
data sent
{"Protocol": "UDP", "RSSI": -48, "RTT": -1.0, "new_BSSID": false}
data sent
{"Protocol": "UDP", "RSSI": -48, "RTT": -1.0, "new_BSSID": false}
data sent
{"Protocol": "UDP", "RSSI": -48, "RTT": -1.0, "new_BSSID": false}
data sent
{"Protocol": "UDP", "RSSI": -48, "RTT": -1.0, "new_BSSID": false}
data sent
{"Protocol": "UDP", "RSSI": -48, "RTT": -1.0, "new_BSSID": false}
data sent
{"Protocol": "UDP", "RSSI": -48, "RTT": -1.0, "new_BSSID": false}
data sent
{"Protocol": "UDP", "RSSI": -48, "RTT": -1.0, "new_BSSID": false}
data sent
{"Protocol": "UDP", "RSSI": -48, "RTT": -1.0, "new_BSSID": false}
data sent
{"Protocol": "UDP", "RSSI": -48, "RTT": -1.0, "new_BSSID": false}
data sent
{"Protocol": "UDP", "RSSI": -48, "RTT": -1.0, "new_BSSID": false}
data sent
{"Protocol": "UDP", "RSSI": -48, "RTT": -1.0, "new_BSSID": false}
data sent
{"Protocol": "UDP", "RSSI": -48, "RTT": -1.0, "new_BSSID": false}
data sent
{"Protocol": "UDP", "RSSI": -48, "RTT": -1.0, "new_BSSID": false}
data sent
{"Protocol": "UDP", "RSSI": -48, "RTT": -1.0, "new_BSSID": false}
data sent
{"Protocol": "UDP", "RSSI": -48, "RTT": -1.0, "new_BSSID": false}
data sent
{"Protocol": "UDP", "RSSI": -48, "RTT": -1.0, "new_BSSID": false}
data sent
{"Protocol": "UDP", "RSSI": -48, "RTT": -1.0, "new_BSSID": false}
data sent
{"Protocol": "UDP", "RSSI": -48, "RTT": -1.0, "new_BSSID": false}
data sent
{"Protocol": "UDP", "RSSI": -48, "RTT": -1.0, "new_BSSID": false}
data sent
{"Protocol": "UDP", "RSSI": -48, "RTT": -1.0, "new_BSSID": false}
data sent
{"Protocol": "UDP", "RSSI": -48, "RTT": -1.0, "new_BSSID": false}
data sent
{"Protocol": "UDP", "RSSI": -48, "RTT": -1.0, "new_BSSID": false}
data sent
{"Protocol": "UDP", "RSSI": -48, "RTT": -1.0, "new_BSSID": false}
data sent
{"Protocol": "UDP", "RSSI": -48, "RTT": -1.0, "new_BSSID": false}
data sent
{"Protocol": "UDP", "RSSI": -48, "RTT": -1.0, "new_BSSID": false}
data sent
{"Protocol": "UDP", "RSSI": -48, "RTT": -1.0, "new_BSSID": false}
data sent
{"Protocol": "UDP", "RSSI": -48, "RTT": -1.0, "new_BSSID": false}
data sent
{"Protocol": "UDP", "RSSI": -48, "RTT": -1.0, "new_BSSID": false}
data sent
{"Protocol": "UDP", "RSSI": -48, "RTT": -1.0, "new_BSSID": false}
data sent
{"Protocol": "UDP", "RSSI": -48, "RTT": -1.0, "new_BSSID": false}
data sent
{"Protocol": "UDP", "RSSI": -48, "RTT": -1.0, "new_BSSID": false}
data sent
{"Protocol": "UDP", "RSSI": -48, "RTT": -1.0, "new_BSSID": false}
data sent
{"Protocol": "UDP", "RSSI": -48, "RTT": -1.0, "new_BSSID": false}
data sent
{"Protocol": "UDP", "RSSI": -48, "RTT": -1.0, "new_BSSID": false}
data sent
{"Protocol": "UDP", "RSSI": -48, "RTT": -1.0, "new_BSSID": false}
data sent
{"Protocol": "UDP", "RSSI": -48, "RTT": -1.0, "new_BSSID": false}
data sent
{"Protocol": "UDP", "RSSI": -48, "RTT": -1.0, "new_BSSID": false}
data sent
{"Protocol": "UDP", "RSSI": -48, "RTT": -1.0, "new_BSSID": false}
data sent
{"Protocol": "UDP", "RSSI": -48, "RTT": -1.0, "new_BSSID": false}
data sent
{"Protocol": "UDP", "RSSI": -48, "RTT": -1.0, "new_BSSID": false}
data sent
{"Protocol": "UDP", "RSSI": -48, "RTT": -1.0, "new_BSSID": false}
data sent
{"Protocol": "UDP", "RSSI": -48, "RTT": -1.0, "new_BSSID": false}
data sent
{"Protocol": "UDP", "RSSI": -48, "RTT": -1.0, "new_BSSID": false}
data sent
{"Protocol": "UDP", "RSSI": -48, "RTT": -1.0, "new_BSSID": false}
data sent
{"Protocol": "UDP", "RSSI": -48, "RTT": -1.0, "new_BSSID": false}
data sent
{"Protocol": "UDP", "RSSI": -48, "RTT": -1.0, "new_BSSID": false}
data sent
{"Protocol": "UDP", "RSSI": -48, "RTT": -1.0, "new_BSSID": false}
data sent
{"Protocol": "UDP", "RSSI": -48, "RTT": -1.0, "new_BSSID": false}
data sent
{"Protocol": "UDP", "RSSI": -48, "RTT": -1.0, "new_BSSID": false}
data sent
{"Protocol": "UDP", "RSSI": -48, "RTT": -1.0, "new_BSSID": false}
data sent
{"Protocol": "UDP", "RSSI": -48, "RTT": -1.0, "new_BSSID": false}
data sent
{"Protocol": "UDP", "RSSI": -48, "RTT": -1.0, "new_BSSID": false}
data sent
{"Protocol": "UDP", "RSSI": -48, "RTT": -1.0, "new_BSSID": false}
data sent
{"Protocol": "UDP", "RSSI": -48, "RTT": -1.0, "new_BSSID": false}
data sent
{"Protocol": "UDP", "RSSI": -48, "RTT": -1.0, "new_BSSID": false}
data sent
{"Protocol": "UDP", "RSSI": -48, "RTT": -1.0, "new_BSSID": false}
data sent
{"Protocol": "UDP", "RSSI": -48, "RTT": -1.0, "new_BSSID": false}
data sent
{"Protocol": "UDP", "RSSI": -48, "RTT": -1.0, "new_BSSID": false}
data sent
{"Protocol": "UDP", "RSSI": -48, "RTT": -1.0, "new_BSSID": false}
data sent
{"Protocol": "UDP", "RSSI": -48, "RTT": -1.0, "new_BSSID": false}
data sent
{"Protocol": "UDP", "RSSI": -48, "RTT": -1.0, "new_BSSID": false}
data sent
{"Protocol": "UDP", "RSSI": -48, "RTT": -1.0, "new_BSSID": false}
data sent
{"Protocol": "UDP", "RSSI": -48, "RTT": -1.0, "new_BSSID": false}
data sent
{"Protocol": "UDP", "RSSI": -48, "RTT": -1.0, "new_BSSID": false}
data sent
{"Protocol": "UDP", "RSSI": -48, "RTT": -1.0, "new_BSSID": false}
data sent
{"Protocol": "UDP", "RSSI": -48, "RTT": -1.0, "new_BSSID": false}
data sent
{"Protocol": "UDP", "RSSI": -48, "RTT": -1.0, "new_BSSID": false}
data sent
{"Protocol": "UDP", "RSSI": -48, "RTT": -1.0, "new_BSSID": false}
data sent
{"Protocol": "UDP", "RSSI": -48, "RTT": -1.0, "new_BSSID": false}
data sent
{"Protocol": "UDP", "RSSI": -48, "RTT": -1.0, "new_BSSID": false}
data sent
{"Protocol": "UDP", "RSSI": -48, "RTT": -1.0, "new_BSSID": false}
data sent
{"Protocol": "UDP", "RSSI": -48, "RTT": -1.0, "new_BSSID": false}
data sent
{"Protocol": "UDP", "RSSI": -48, "RTT": -1.0, "new_BSSID": false}
data sent
{"Protocol": "UDP", "RSSI": -48, "RTT": -1.0, "new_BSSID": false}
data sent
{"Protocol": "UDP", "RSSI": -48, "RTT": -1.0, "new_BSSID": false}
data sent
{"Protocol": "UDP", "RSSI": -48, "RTT": -1.0, "new_BSSID": false}
data sent
{"Protocol": "UDP", "RSSI": -48, "RTT": -1.0, "new_BSSID": false}
data sent
{"Protocol": "UDP", "RSSI": -48, "RTT": -1.0, "new_BSSID": false}
data sent
{"Protocol": "UDP", "RSSI": -48, "RTT": -1.0, "new_BSSID": false}
data sent
{"Protocol": "UDP", "RSSI": -48, "RTT": -1.0, "new_BSSID": false}
data sent
{"Protocol": "UDP", "RSSI": -48, "RTT": -1.0, "new_BSSID": false}
data sent
{"Protocol": "UDP", "RSSI": -48, "RTT": -1.0, "new_BSSID": false}
data sent
{"Protocol": "UDP", "RSSI": -48, "RTT": -1.0, "new_BSSID": false}
data sent
{"Protocol": "UDP", "RSSI": -48, "RTT": -1.0, "new_BSSID": false}
data sent
{"Protocol": "UDP", "RSSI": -48, "RTT": -1.0, "new_BSSID": false}
data sent
{"Protocol": "UDP", "RSSI": -48, "RTT": -1.0, "new_BSSID": false}
data sent
{"Protocol": "UDP", "RSSI": -48, "RTT": -1.0, "new_BSSID": false}
data sent
{"Protocol": "UDP", "RSSI": -48, "RTT": -1.0, "new_BSSID": false}
data sent
{"Protocol": "UDP", "RSSI": -48, "RTT": -1.0, "new_BSSID": false}
data sent
{"Protocol": "UDP", "RSSI": -48, "RTT": -1.0, "new_BSSID": false}
data sent
{"Protocol": "UDP", "RSSI": -48, "RTT": -1.0, "new_BSSID": false}
data sent
{"Protocol": "UDP", "RSSI": -48, "RTT": -1.0, "new_BSSID": false}
data sent
{"Protocol": "UDP", "RSSI": -48, "RTT": -1.0, "new_BSSID": false}
data sent
{"Protocol": "UDP", "RSSI": -48, "RTT": -1.0, "new_BSSID": false}
data sent
{"Protocol": "UDP", "RSSI": -48, "RTT": -1.0, "new_BSSID": false}
data sent
{"Protocol": "UDP", "RSSI": -48, "RTT": -1.0, "new_BSSID": false}
data sent
{"Protocol": "UDP", "RSSI": -48, "RTT": -1.0, "new_BSSID": false}
data sent
{"Protocol": "UDP", "RSSI": -48, "RTT": -1.0, "new_BSSID": false}
data sent
{"Protocol": "UDP", "RSSI": -48, "RTT": -1.0, "new_BSSID": false}
data sent
{"Protocol": "UDP", "RSSI": -48, "RTT": -1.0, "new_BSSID": false}
data sent
{"Protocol": "UDP", "RSSI": -48, "RTT": -1.0, "new_BSSID": false}
data sent
{"Protocol": "UDP", "RSSI": -48, "RTT": -1.0, "new_BSSID": false}
data sent
{"Protocol": "UDP", "RSSI": -48, "RTT": -1.0, "new_BSSID": false}
data sent
{"Protocol": "UDP", "RSSI": -48, "RTT": -1.0, "new_BSSID": false}
data sent
{"Protocol": "UDP", "RSSI": -48, "RTT": -1.0, "new_BSSID": false}
data sent
{"Protocol": "UDP", "RSSI": -48, "RTT": -1.0, "new_BSSID": false}
data sent
{"Protocol": "UDP", "RSSI": -48, "RTT": -1.0, "new_BSSID": false}
data sent
{"Protocol": "UDP", "RSSI": -48, "RTT": -1.0, "new_BSSID": false}
data sent
{"Protocol": "UDP", "RSSI": -48, "RTT": -1.0, "new_BSSID": false}
data sent
{"Protocol": "UDP", "RSSI": -48, "RTT": -1.0, "new_BSSID": false}
data sent
{"Protocol": "UDP", "RSSI": -48, "RTT": -1.0, "new_BSSID": false}
data sent
{"Protocol": "UDP", "RSSI": -48, "RTT": -1.0, "new_BSSID": false}
data sent
{"Protocol": "UDP", "RSSI": -48, "RTT": -1.0, "new_BSSID": false}
data sent
{"Protocol": "UDP", "RSSI": -48, "RTT": -1.0, "new_BSSID": false}
data sent
{"Protocol": "UDP", "RSSI": -48, "RTT": -1.0, "new_BSSID": false}
data sent
{"Protocol": "UDP", "RSSI": -48, "RTT": -1.0, "new_BSSID": false}
data sent
{"Protocol": "UDP", "RSSI": -48, "RTT": -1.0, "new_BSSID": false}
data sent
{"Protocol": "UDP", "RSSI": -48, "RTT": -1.0, "new_BSSID": false}
data sent
{"Protocol": "UDP", "RSSI": -48, "RTT": -1.0, "new_BSSID": false}
data sent
{"Protocol": "UDP", "RSSI": -48, "RTT": -1.0, "new_BSSID": false}
data sent
{"Protocol": "UDP", "RSSI": -48, "RTT": -1.0, "new_BSSID": false}
data sent
{"Protocol": "UDP", "RSSI": -48, "RTT": -1.0, "new_BSSID": false}
data sent
{"Protocol": "UDP", "RSSI": -48, "RTT": -1.0, "new_BSSID": false}
data sent
{"Protocol": "UDP", "RSSI": -48, "RTT": -1.0, "new_BSSID": false}
data sent
{"Protocol": "UDP", "RSSI": -48, "RTT": -1.0, "new_BSSID": false}
data sent
{"Protocol": "UDP", "RSSI": -48, "RTT": -1.0, "new_BSSID": false}
data sent
{"Protocol": "UDP", "RSSI": -48, "RTT": -1.0, "new_BSSID": false}
data sent
{"Protocol": "UDP", "RSSI": -48, "RTT": -1.0, "new_BSSID": false}
data sent
{"Protocol": "UDP", "RSSI": -48, "RTT": -1.0, "new_BSSID": false}
data sent
{"Protocol": "UDP", "RSSI": -48, "RTT": -1.0, "new_BSSID": false}
data sent
{"Protocol": "UDP", "RSSI": -48, "RTT": -1.0, "new_BSSID": false}
data sent
{"Protocol": "UDP", "RSSI": -48, "RTT": -1.0, "new_BSSID": false}
data sent
{"Protocol": "UDP", "RSSI": -48, "RTT": -1.0, "new_BSSID": false}
data sent
{"Protocol": "UDP", "RSSI": -48, "RTT": -1.0, "new_BSSID": false}
data sent
{"Protocol": "UDP", "RSSI": -48, "RTT": -1.0, "new_BSSID": false}
data sent
{"Protocol": "UDP", "RSSI": -48, "RTT": -1.0, "new_BSSID": false}
data sent
{"Protocol": "UDP", "RSSI": -48, "RTT": -1.0, "new_BSSID": false}
data sent
{"Protocol": "UDP", "RSSI": -48, "RTT": -1.0, "new_BSSID": false}
data sent
{"Protocol": "UDP", "RSSI": -48, "RTT": -1.0, "new_BSSID": false}
data sent
{"Protocol": "UDP", "RSSI": -48, "RTT": -1.0, "new_BSSID": false}
data sent
{"Protocol": "UDP", "RSSI": -48, "RTT": -1.0, "new_BSSID": false}
data sent
{"Protocol": "UDP", "RSSI": -48, "RTT": -1.0, "new_BSSID": false}
data sent
{"Protocol": "UDP", "RSSI": -48, "RTT": -1.0, "new_BSSID": false}
data sent
{"Protocol": "UDP", "RSSI": -48, "RTT": -1.0, "new_BSSID": false}
data sent
{"Protocol": "UDP", "RSSI": -48, "RTT": -1.0, "new_BSSID": false}
data sent
{"Protocol": "UDP", "RSSI": -48, "RTT": -1.0, "new_BSSID": false}
data sent
{"Protocol": "UDP", "RSSI": -48, "RTT": -1.0, "new_BSSID": false}
data sent
{"Protocol": "UDP", "RSSI": -48, "RTT": -1.0, "new_BSSID": false}
data sent
{"Protocol": "UDP", "RSSI": -48, "RTT": -1.0, "new_BSSID": false}
data sent
{"Protocol": "UDP", "RSSI": -48, "RTT": -1.0, "new_BSSID": false}
data sent
{"Protocol": "UDP", "RSSI": -48, "RTT": -1.0, "new_BSSID": false}
data sent
{"Protocol": "UDP", "RSSI": -48, "RTT": -1.0, "new_BSSID": false}
data sent
{"Protocol": "UDP", "RSSI": -48, "RTT": -1.0, "new_BSSID": false}
data sent
{"Protocol": "UDP", "RSSI": -48, "RTT": -1.0, "new_BSSID": false}
data sent
{"Protocol": "UDP", "RSSI": -48, "RTT": -1.0, "new_BSSID": false}
data sent
{"Protocol": "UDP", "RSSI": -48, "RTT": -1.0, "new_BSSID": false}
data sent
{"Protocol": "UDP", "RSSI": -48, "RTT": -1.0, "new_BSSID": false}
data sent
{"Protocol": "UDP", "RSSI": -48, "RTT": -1.0, "new_BSSID": false}
data sent
{"Protocol": "UDP", "RSSI": -48, "RTT": -1.0, "new_BSSID": false}
data sent
{"Protocol": "UDP", "RSSI": -48, "RTT": -1.0, "new_BSSID": false}
data sent
{"Protocol": "UDP", "RSSI": -48, "RTT": -1.0, "new_BSSID": false}
data sent
{"Protocol": "UDP", "RSSI": -48, "RTT": -1.0, "new_BSSID": false}
data sent
{"Protocol": "UDP", "RSSI": -48, "RTT": -1.0, "new_BSSID": false}
data sent
{"Protocol": "UDP", "RSSI": -48, "RTT": -1.0, "new_BSSID": false}
data sent
{"Protocol": "UDP", "RSSI": -48, "RTT": -1.0, "new_BSSID": false}
data sent
{"Protocol": "UDP", "RSSI": -48, "RTT": -1.0, "new_BSSID": false}
data sent
{"Protocol": "UDP", "RSSI": -48, "RTT": -1.0, "new_BSSID": false}
data sent
{"Protocol": "UDP", "RSSI": -48, "RTT": -1.0, "new_BSSID": false}
data sent
{"Protocol": "UDP", "RSSI": -48, "RTT": -1.0, "new_BSSID": false}
data sent
{"Protocol": "UDP", "RSSI": -48, "RTT": -1.0, "new_BSSID": false}
data sent
{"Protocol": "UDP", "RSSI": -48, "RTT": -1.0, "new_BSSID": false}
data sent
{"Protocol": "UDP", "RSSI": -48, "RTT": -1.0, "new_BSSID": false}
data sent
{"Protocol": "UDP", "RSSI": -48, "RTT": -1.0, "new_BSSID": false}
data sent
{"Protocol": "UDP", "RSSI": -48, "RTT": -1.0, "new_BSSID": false}
data sent
{"Protocol": "UDP", "RSSI": -48, "RTT": -1.0, "new_BSSID": false}
data sent
{"Protocol": "UDP", "RSSI": -48, "RTT": -1.0, "new_BSSID": false}
data sent
{"Protocol": "UDP", "RSSI": -48, "RTT": -1.0, "new_BSSID": false}
data sent
{"Protocol": "UDP", "RSSI": -48, "RTT": -1.0, "new_BSSID": false}
data sent
{"Protocol": "UDP", "RSSI": -48, "RTT": -1.0, "new_BSSID": false}
data sent
{"Protocol": "UDP", "RSSI": -48, "RTT": -1.0, "new_BSSID": false}
data sent
{"Protocol": "UDP", "RSSI": -48, "RTT": -1.0, "new_BSSID": false}
data sent
{"Protocol": "UDP", "RSSI": -48, "RTT": -1.0, "new_BSSID": false}
data sent
{"Protocol": "UDP", "RSSI": -48, "RTT": -1.0, "new_BSSID": false}
data sent
{"Protocol": "UDP", "RSSI": -48, "RTT": -1.0, "new_BSSID": false}
data sent
{"Protocol": "UDP", "RSSI": -48, "RTT": -1.0, "new_BSSID": false}
data sent
{"Protocol": "UDP", "RSSI": -48, "RTT": -1.0, "new_BSSID": false}
data sent
{"Protocol": "UDP", "RSSI": -48, "RTT": -1.0, "new_BSSID": false}
data sent
{"Protocol": "UDP", "RSSI": -48, "RTT": -1.0, "new_BSSID": false}
data sent
{"Protocol": "UDP", "RSSI": -48, "RTT": -1.0, "new_BSSID": false}
data sent
{"Protocol": "UDP", "RSSI": -48, "RTT": -1.0, "new_BSSID": false}
data sent
{"Protocol": "UDP", "RSSI": -48, "RTT": -1.0, "new_BSSID": false}
data sent
{"Protocol": "UDP", "RSSI": -48, "RTT": -1.0, "new_BSSID": false}
data sent
{"Protocol": "UDP", "RSSI": -48, "RTT": -1.0, "new_BSSID": false}
data sent
{"Protocol": "UDP", "RSSI": -48, "RTT": -1.0, "new_BSSID": false}
data sent
{"Protocol": "UDP", "RSSI": -48, "RTT": -1.0, "new_BSSID": false}
data sent
{"Protocol": "UDP", "RSSI": -48, "RTT": -1.0, "new_BSSID": false}
data sent
{"Protocol": "UDP", "RSSI": -48, "RTT": -1.0, "new_BSSID": false}
data sent
{"Protocol": "UDP", "RSSI": -48, "RTT": -1.0, "new_BSSID": false}
data sent
{"Protocol": "UDP", "RSSI": -48, "RTT": -1.0, "new_BSSID": false}
data sent
{"Protocol": "UDP", "RSSI": -48, "RTT": -1.0, "new_BSSID": false}
data sent
{"Protocol": "UDP", "RSSI": -48, "RTT": -1.0, "new_BSSID": false}
data sent
{"Protocol": "UDP", "RSSI": -48, "RTT": -1.0, "new_BSSID": false}
data sent
{"Protocol": "UDP", "RSSI": -48, "RTT": -1.0, "new_BSSID": false}
data sent
{"Protocol": "UDP", "RSSI": -47, "RTT": -1.0, "new_BSSID": false}
data sent
{"Protocol": "UDP", "RSSI": -47, "RTT": -1.0, "new_BSSID": false}
data sent
{"Protocol": "UDP", "RSSI": -47, "RTT": -1.0, "new_BSSID": false}
data sent
{"Protocol": "UDP", "RSSI": -47, "RTT": -1.0, "new_BSSID": false}
data sent
{"Protocol": "UDP", "RSSI": -47, "RTT": -1.0, "new_BSSID": false}
data sent
{"Protocol": "UDP", "RSSI": -47, "RTT": -1.0, "new_BSSID": false}
data sent
{"Protocol": "UDP", "RSSI": -47, "RTT": -1.0, "new_BSSID": false}
data sent
{"Protocol": "UDP", "RSSI": -47, "RTT": -1.0, "new_BSSID": false}
data sent
{"Protocol": "UDP", "RSSI": -47, "RTT": -1.0, "new_BSSID": false}
data sent
{"Protocol": "UDP", "RSSI": -47, "RTT": -1.0, "new_BSSID": false}
data sent
{"Protocol": "UDP", "RSSI": -47, "RTT": -1.0, "new_BSSID": false}
data sent
{"Protocol": "UDP", "RSSI": -47, "RTT": -1.0, "new_BSSID": false}
data sent
{"Protocol": "UDP", "RSSI": -47, "RTT": -1.0, "new_BSSID": false}
data sent
{"Protocol": "UDP", "RSSI": -47, "RTT": -1.0, "new_BSSID": false}
data sent
{"Protocol": "UDP", "RSSI": -47, "RTT": -1.0, "new_BSSID": false}
data sent
{"Protocol": "UDP", "RSSI": -47, "RTT": -1.0, "new_BSSID": false}
data sent
{"Protocol": "UDP", "RSSI": -47, "RTT": -1.0, "new_BSSID": false}
data sent
{"Protocol": "UDP", "RSSI": -47, "RTT": -1.0, "new_BSSID": false}
data sent
{"Protocol": "UDP", "RSSI": -47, "RTT": -1.0, "new_BSSID": false}
data sent
{"Protocol": "UDP", "RSSI": -47, "RTT": -1.0, "new_BSSID": false}
data sent
{"Protocol": "UDP", "RSSI": -47, "RTT": -1.0, "new_BSSID": false}
data sent
{"Protocol": "UDP", "RSSI": -47, "RTT": -1.0, "new_BSSID": false}
data sent
{"Protocol": "UDP", "RSSI": -47, "RTT": -1.0, "new_BSSID": false}
data sent
{"Protocol": "UDP", "RSSI": -47, "RTT": -1.0, "new_BSSID": false}
data sent
{"Protocol": "UDP", "RSSI": -47, "RTT": -1.0, "new_BSSID": false}
data sent
{"Protocol": "UDP", "RSSI": -47, "RTT": -1.0, "new_BSSID": false}
data sent
{"Protocol": "UDP", "RSSI": -47, "RTT": -1.0, "new_BSSID": false}
data sent
{"Protocol": "UDP", "RSSI": -47, "RTT": -1.0, "new_BSSID": false}
data sent
{"Protocol": "UDP", "RSSI": -47, "RTT": -1.0, "new_BSSID": false}
data sent
{"Protocol": "UDP", "RSSI": -47, "RTT": -1.0, "new_BSSID": false}
data sent
{"Protocol": "UDP", "RSSI": -47, "RTT": -1.0, "new_BSSID": false}
data sent
{"Protocol": "UDP", "RSSI": -47, "RTT": -1.0, "new_BSSID": false}
data sent
{"Protocol": "UDP", "RSSI": -47, "RTT": -1.0, "new_BSSID": false}
data sent
{"Protocol": "UDP", "RSSI": -47, "RTT": -1.0, "new_BSSID": false}
data sent
{"Protocol": "UDP", "RSSI": -47, "RTT": -1.0, "new_BSSID": false}
data sent
{"Protocol": "UDP", "RSSI": -47, "RTT": -1.0, "new_BSSID": false}
data sent
{"Protocol": "UDP", "RSSI": -47, "RTT": -1.0, "new_BSSID": false}
data sent
{"Protocol": "UDP", "RSSI": -47, "RTT": -1.0, "new_BSSID": false}
data sent
{"Protocol": "UDP", "RSSI": -47, "RTT": -1.0, "new_BSSID": false}
data sent
{"Protocol": "UDP", "RSSI": -47, "RTT": -1.0, "new_BSSID": false}
data sent
{"Protocol": "UDP", "RSSI": -47, "RTT": -1.0, "new_BSSID": false}
data sent
{"Protocol": "UDP", "RSSI": -47, "RTT": -1.0, "new_BSSID": false}
data sent
{"Protocol": "UDP", "RSSI": -47, "RTT": -1.0, "new_BSSID": false}
data sent
{"Protocol": "UDP", "RSSI": -47, "RTT": -1.0, "new_BSSID": false}
data sent
{"Protocol": "UDP", "RSSI": -47, "RTT": -1.0, "new_BSSID": false}
data sent
{"Protocol": "UDP", "RSSI": -47, "RTT": -1.0, "new_BSSID": false}
data sent
{"Protocol": "UDP", "RSSI": -47, "RTT": -1.0, "new_BSSID": false}
data sent
{"Protocol": "UDP", "RSSI": -47, "RTT": -1.0, "new_BSSID": false}
data sent
{"Protocol": "UDP", "RSSI": -47, "RTT": -1.0, "new_BSSID": false}
data sent
{"Protocol": "UDP", "RSSI": -47, "RTT": -1.0, "new_BSSID": false}
data sent
{"Protocol": "UDP", "RSSI": -47, "RTT": -1.0, "new_BSSID": false}
data sent
{"Protocol": "UDP", "RSSI": -47, "RTT": -1.0, "new_BSSID": false}
data sent
{"Protocol": "UDP", "RSSI": -47, "RTT": -1.0, "new_BSSID": false}
data sent
{"Protocol": "UDP", "RSSI": -47, "RTT": -1.0, "new_BSSID": false}
data sent
{"Protocol": "UDP", "RSSI": -47, "RTT": -1.0, "new_BSSID": false}
data sent
{"Protocol": "UDP", "RSSI": -47, "RTT": -1.0, "new_BSSID": false}
data sent
{"Protocol": "UDP", "RSSI": -47, "RTT": -1.0, "new_BSSID": false}
data sent
{"Protocol": "UDP", "RSSI": -47, "RTT": -1.0, "new_BSSID": false}
data sent
{"Protocol": "UDP", "RSSI": -47, "RTT": -1.0, "new_BSSID": false}
data sent
{"Protocol": "UDP", "RSSI": -47, "RTT": -1.0, "new_BSSID": false}
data sent
{"Protocol": "UDP", "RSSI": -47, "RTT": -1.0, "new_BSSID": false}
data sent
{"Protocol": "UDP", "RSSI": -47, "RTT": -1.0, "new_BSSID": false}
data sent
{"Protocol": "UDP", "RSSI": -47, "RTT": -1.0, "new_BSSID": false}
data sent
{"Protocol": "UDP", "RSSI": -47, "RTT": -1.0, "new_BSSID": false}
data sent
{"Protocol": "UDP", "RSSI": -47, "RTT": -1.0, "new_BSSID": false}
data sent
{"Protocol": "UDP", "RSSI": -47, "RTT": -1.0, "new_BSSID": false}
data sent
{"Protocol": "UDP", "RSSI": -47, "RTT": -1.0, "new_BSSID": false}
data sent
{"Protocol": "UDP", "RSSI": -47, "RTT": -1.0, "new_BSSID": false}
data sent
{"Protocol": "UDP", "RSSI": -47, "RTT": -1.0, "new_BSSID": false}
data sent
{"Protocol": "UDP", "RSSI": -47, "RTT": -1.0, "new_BSSID": false}
data sent
{"Protocol": "UDP", "RSSI": -47, "RTT": -1.0, "new_BSSID": false}
data sent
{"Protocol": "UDP", "RSSI": -47, "RTT": -1.0, "new_BSSID": false}
data sent
{"Protocol": "UDP", "RSSI": -47, "RTT": -1.0, "new_BSSID": false}
data sent
{"Protocol": "UDP", "RSSI": -47, "RTT": -1.0, "new_BSSID": false}
data sent
{"Protocol": "UDP", "RSSI": -47, "RTT": -1.0, "new_BSSID": false}
data sent
{"Protocol": "UDP", "RSSI": -47, "RTT": -1.0, "new_BSSID": false}
data sent
{"Protocol": "UDP", "RSSI": -47, "RTT": -1.0, "new_BSSID": false}
data sent
{"Protocol": "UDP", "RSSI": -47, "RTT": -1.0, "new_BSSID": false}
data sent
{"Protocol": "UDP", "RSSI": -47, "RTT": -1.0, "new_BSSID": false}
data sent
{"Protocol": "UDP", "RSSI": -47, "RTT": -1.0, "new_BSSID": false}
data sent
{"Protocol": "UDP", "RSSI": -47, "RTT": -1.0, "new_BSSID": false}
data sent
{"Protocol": "UDP", "RSSI": -47, "RTT": -1.0, "new_BSSID": false}
data sent
{"Protocol": "UDP", "RSSI": -47, "RTT": -1.0, "new_BSSID": false}
data sent
{"Protocol": "UDP", "RSSI": -47, "RTT": -1.0, "new_BSSID": false}
data sent
{"Protocol": "UDP", "RSSI": -47, "RTT": -1.0, "new_BSSID": false}
data sent
{"Protocol": "UDP", "RSSI": -47, "RTT": -1.0, "new_BSSID": false}
data sent
{"Protocol": "UDP", "RSSI": -47, "RTT": -1.0, "new_BSSID": false}
data sent
{"Protocol": "UDP", "RSSI": -47, "RTT": -1.0, "new_BSSID": false}
data sent
{"Protocol": "UDP", "RSSI": -47, "RTT": -1.0, "new_BSSID": false}
data sent
{"Protocol": "UDP", "RSSI": -47, "RTT": -1.0, "new_BSSID": false}
data sent
{"Protocol": "UDP", "RSSI": -47, "RTT": -1.0, "new_BSSID": false}
data sent
{"Protocol": "UDP", "RSSI": -47, "RTT": -1.0, "new_BSSID": false}
data sent
{"Protocol": "UDP", "RSSI": -47, "RTT": -1.0, "new_BSSID": false}
data sent
{"Protocol": "UDP", "RSSI": -47, "RTT": -1.0, "new_BSSID": false}
data sent
{"Protocol": "UDP", "RSSI": -47, "RTT": -1.0, "new_BSSID": false}
data sent
{"Protocol": "UDP", "RSSI": -47, "RTT": -1.0, "new_BSSID": false}
data sent
{"Protocol": "UDP", "RSSI": -47, "RTT": -1.0, "new_BSSID": false}
data sent
{"Protocol": "UDP", "RSSI": -47, "RTT": -1.0, "new_BSSID": false}
data sent
{"Protocol": "UDP", "RSSI": -47, "RTT": -1.0, "new_BSSID": false}
data sent
{"Protocol": "UDP", "RSSI": -47, "RTT": -1.0, "new_BSSID": false}
data sent
{"Protocol": "UDP", "RSSI": -47, "RTT": -1.0, "new_BSSID": false}
data sent
{"Protocol": "UDP", "RSSI": -47, "RTT": -1.0, "new_BSSID": false}
data sent
{"Protocol": "UDP", "RSSI": -47, "RTT": -1.0, "new_BSSID": false}
data sent
{"Protocol": "UDP", "RSSI": -47, "RTT": -1.0, "new_BSSID": false}
data sent
{"Protocol": "UDP", "RSSI": -47, "RTT": -1.0, "new_BSSID": false}
data sent
{"Protocol": "UDP", "RSSI": -47, "RTT": -1.0, "new_BSSID": false}
data sent
{"Protocol": "UDP", "RSSI": -47, "RTT": -1.0, "new_BSSID": false}
data sent
{"Protocol": "UDP", "RSSI": -47, "RTT": -1.0, "new_BSSID": false}
data sent
{"Protocol": "UDP", "RSSI": -47, "RTT": -1.0, "new_BSSID": false}
data sent
{"Protocol": "UDP", "RSSI": -47, "RTT": -1.0, "new_BSSID": false}
data sent
{"Protocol": "UDP", "RSSI": -47, "RTT": -1.0, "new_BSSID": false}
data sent
{"Protocol": "UDP", "RSSI": -47, "RTT": -1.0, "new_BSSID": false}
data sent
{"Protocol": "UDP", "RSSI": -47, "RTT": -1.0, "new_BSSID": false}
data sent
{"Protocol": "UDP", "RSSI": -47, "RTT": -1.0, "new_BSSID": false}
data sent
{"Protocol": "UDP", "RSSI": -47, "RTT": -1.0, "new_BSSID": false}
data sent
{"Protocol": "UDP", "RSSI": -47, "RTT": -1.0, "new_BSSID": false}
data sent
{"Protocol": "UDP", "RSSI": -47, "RTT": -1.0, "new_BSSID": false}
data sent
{"Protocol": "UDP", "RSSI": -47, "RTT": -1.0, "new_BSSID": false}
data sent
{"Protocol": "UDP", "RSSI": -47, "RTT": -1.0, "new_BSSID": false}
data sent
{"Protocol": "UDP", "RSSI": -47, "RTT": -1.0, "new_BSSID": false}
data sent
{"Protocol": "UDP", "RSSI": -47, "RTT": -1.0, "new_BSSID": false}
data sent
{"Protocol": "UDP", "RSSI": -47, "RTT": -1.0, "new_BSSID": false}
data sent
{"Protocol": "UDP", "RSSI": -47, "RTT": -1.0, "new_BSSID": false}
data sent
{"Protocol": "TCP", "RSSI": -47, "RTT": 0.0, "new_BSSID": false}
data sent
{"Protocol": "TCP", "RSSI": -47, "RTT": 0.010716, "new_BSSID": false}
data sent
{"Protocol": "UDP", "RSSI": -47, "RTT": -1.0, "new_BSSID": false}
data sent
{"Protocol": "UDP", "RSSI": -47, "RTT": -1.0, "new_BSSID": false}
data sent
{"Protocol": "UDP", "RSSI": -47, "RTT": -1.0, "new_BSSID": false}
data sent
{"Protocol": "TCP", "RSSI": -47, "RTT": 0.036993, "new_BSSID": false}
data sent
{"Protocol": "TCP", "RSSI": -47, "RTT": 0.01166, "new_BSSID": false}
data sent
{"Protocol": "UDP", "RSSI": -47, "RTT": -1.0, "new_BSSID": false}
data sent
{"Protocol": "TCP", "RSSI": -47, "RTT": 0.0, "new_BSSID": false}
data sent
{"Protocol": "TCP", "RSSI": -47, "RTT": 0.0, "new_BSSID": false}
data sent
{"Protocol": "TCP", "RSSI": -47, "RTT": 0.0, "new_BSSID": false}
data sent
{"Protocol": "TCP", "RSSI": -47, "RTT": 0.0, "new_BSSID": false}
data sent
{"Protocol": "TCP", "RSSI": -47, "RTT": 0.000335, "new_BSSID": false}
data sent
{"Protocol": "UDP", "RSSI": -47, "RTT": -1.0, "new_BSSID": false}
data sent
{"Protocol": "UDP", "RSSI": -47, "RTT": -1.0, "new_BSSID": false}
data sent
{"Protocol": "UDP", "RSSI": -47, "RTT": -1.0, "new_BSSID": false}
data sent
{"Protocol": "TCP", "RSSI": -47, "RTT": 0.0, "new_BSSID": false}
data sent
{"Protocol": "TCP", "RSSI": -47, "RTT": 0.0, "new_BSSID": false}
data sent
{"Protocol": "TCP", "RSSI": -47, "RTT": 0.0, "new_BSSID": false}
data sent
{"Protocol": "TCP", "RSSI": -47, "RTT": 0.0, "new_BSSID": false}
data sent
{"Protocol": "TCP", "RSSI": -47, "RTT": 0.000449, "new_BSSID": false}
data sent
{"Protocol": "UDP", "RSSI": -47, "RTT": -1.0, "new_BSSID": false}
data sent
{"Protocol": "UDP", "RSSI": -47, "RTT": -1.0, "new_BSSID": false}
data sent
{"Protocol": "UDP", "RSSI": -47, "RTT": -1.0, "new_BSSID": false}
data sent
{"Protocol": "UDP", "RSSI": -47, "RTT": -1.0, "new_BSSID": false}
data sent
{"Protocol": "UDP", "RSSI": -47, "RTT": -1.0, "new_BSSID": false}
data sent
{"Protocol": "UDP", "RSSI": -47, "RTT": -1.0, "new_BSSID": false}
data sent
{"Protocol": "UDP", "RSSI": -47, "RTT": -1.0, "new_BSSID": false}
data sent
{"Protocol": "UDP", "RSSI": -47, "RTT": -1.0, "new_BSSID": false}
data sent
{"Protocol": "UDP", "RSSI": -47, "RTT": -1.0, "new_BSSID": false}
data sent
{"Protocol": "UDP", "RSSI": -47, "RTT": -1.0, "new_BSSID": false}
data sent
{"Protocol": "TCP", "RSSI": -47, "RTT": 0.0, "new_BSSID": false}
data sent
{"Protocol": "TCP", "RSSI": -47, "RTT": 0.016936, "new_BSSID": false}
data sent
{"Protocol": "TCP", "RSSI": -47, "RTT": 0.0, "new_BSSID": false}
data sent
{"Protocol": "TCP", "RSSI": -47, "RTT": 0.0, "new_BSSID": false}
data sent
{"Protocol": "TCP", "RSSI": -47, "RTT": 0.0, "new_BSSID": false}
data sent
{"Protocol": "TCP", "RSSI": -47, "RTT": 0.000132, "new_BSSID": false}
data sent
{"Protocol": "UDP", "RSSI": -47, "RTT": -1.0, "new_BSSID": false}
data sent
{"Protocol": "UDP", "RSSI": -47, "RTT": -1.0, "new_BSSID": false}
data sent
{"Protocol": "UDP", "RSSI": -47, "RTT": -1.0, "new_BSSID": false}
data sent
{"Protocol": "UDP", "RSSI": -47, "RTT": -1.0, "new_BSSID": false}
data sent
{"Protocol": "UDP", "RSSI": -47, "RTT": -1.0, "new_BSSID": false}
data sent
{"Protocol": "UDP", "RSSI": -47, "RTT": -1.0, "new_BSSID": false}
data sent
{"Protocol": "TCP", "RSSI": -47, "RTT": 0.0, "new_BSSID": false}
data sent
{"Protocol": "TCP", "RSSI": -47, "RTT": 0.018117, "new_BSSID": false}
data sent
{"Protocol": "TCP", "RSSI": -47, "RTT": 0.0, "new_BSSID": false}
data sent
{"Protocol": "TCP", "RSSI": -47, "RTT": 0.000176, "new_BSSID": false}
data sent
{"Protocol": "UDP", "RSSI": -47, "RTT": -1.0, "new_BSSID": false}
data sent
{"Protocol": "TCP", "RSSI": -47, "RTT": 0.0, "new_BSSID": false}
data sent
{"Protocol": "UDP", "RSSI": -47, "RTT": -1.0, "new_BSSID": false}
data sent
{"Protocol": "UDP", "RSSI": -47, "RTT": -1.0, "new_BSSID": false}
data sent
{"Protocol": "UDP", "RSSI": -47, "RTT": -1.0, "new_BSSID": false}
data sent
{"Protocol": "UDP", "RSSI": -47, "RTT": -1.0, "new_BSSID": false}
data sent
{"Protocol": "TCP", "RSSI": -47, "RTT": 0.042158, "new_BSSID": false}
data sent
{"Protocol": "UDP", "RSSI": -48, "RTT": -1.0, "new_BSSID": false}
data sent
{"Protocol": "UDP", "RSSI": -48, "RTT": -1.0, "new_BSSID": false}
data sent
{"Protocol": "TCP", "RSSI": -48, "RTT": 0.0, "new_BSSID": false}
data sent
{"Protocol": "UDP", "RSSI": -48, "RTT": -1.0, "new_BSSID": false}
data sent
{"Protocol": "UDP", "RSSI": -48, "RTT": -1.0, "new_BSSID": false}
data sent
{"Protocol": "UDP", "RSSI": -48, "RTT": -1.0, "new_BSSID": false}
data sent
{"Protocol": "TCP", "RSSI": -48, "RTT": 0.047777, "new_BSSID": false}
data sent
{"Protocol": "TCP", "RSSI": -48, "RTT": 0.0, "new_BSSID": false}
data sent
{"Protocol": "UDP", "RSSI": -48, "RTT": -1.0, "new_BSSID": false}
data sent
{"Protocol": "TCP", "RSSI": -48, "RTT": 0.002545, "new_BSSID": false}
data sent
{"Protocol": "TCP", "RSSI": -48, "RTT": 0.0, "new_BSSID": false}
data sent
{"Protocol": "TCP", "RSSI": -48, "RTT": 0.00474, "new_BSSID": false}
data sent
{"Protocol": "UDP", "RSSI": -48, "RTT": -1.0, "new_BSSID": false}
data sent
{"Protocol": "UDP", "RSSI": -48, "RTT": -1.0, "new_BSSID": false}
data sent
{"Protocol": "TCP", "RSSI": -48, "RTT": 0.0, "new_BSSID": false}
data sent
{"Protocol": "UDP", "RSSI": -48, "RTT": -1.0, "new_BSSID": false}
data sent
{"Protocol": "TCP", "RSSI": -48, "RTT": 0.002377, "new_BSSID": false}
data sent
{"Protocol": "UDP", "RSSI": -48, "RTT": -1.0, "new_BSSID": false}
data sent
{"Protocol": "TCP", "RSSI": -48, "RTT": 0.0, "new_BSSID": false}
data sent
{"Protocol": "TCP", "RSSI": -48, "RTT": 0.002505, "new_BSSID": false}
data sent
{"Protocol": "TCP", "RSSI": -48, "RTT": 0.0, "new_BSSID": false}
data sent
{"Protocol": "UDP", "RSSI": -48, "RTT": -1.0, "new_BSSID": false}
data sent
{"Protocol": "UDP", "RSSI": -48, "RTT": -1.0, "new_BSSID": false}
data sent
{"Protocol": "TCP", "RSSI": -48, "RTT": 0.001522, "new_BSSID": false}
data sent
{"Protocol": "TCP", "RSSI": -48, "RTT": 0.0, "new_BSSID": false}
data sent
{"Protocol": "TCP", "RSSI": -48, "RTT": 0.000132, "new_BSSID": false}
data sent
{"Protocol": "UDP", "RSSI": -48, "RTT": -1.0, "new_BSSID": false}
data sent
{"Protocol": "UDP", "RSSI": -48, "RTT": -1.0, "new_BSSID": false}
data sent
{"Protocol": "UDP", "RSSI": -48, "RTT": -1.0, "new_BSSID": false}
data sent
{"Protocol": "TCP", "RSSI": -48, "RTT": 0.012658, "new_BSSID": false}
data sent
{"Protocol": "TCP", "RSSI": -48, "RTT": 0.000282, "new_BSSID": false}
data sent
{"Protocol": "UDP", "RSSI": -48, "RTT": -1.0, "new_BSSID": false}
data sent
{"Protocol": "TCP", "RSSI": -48, "RTT": 0.047893, "new_BSSID": false}
data sent
{"Protocol": "UDP", "RSSI": -48, "RTT": -1.0, "new_BSSID": false}
data sent
{"Protocol": "UDP", "RSSI": -48, "RTT": -1.0, "new_BSSID": false}
data sent
{"Protocol": "TCP", "RSSI": -48, "RTT": 0.0, "new_BSSID": false}
data sent
{"Protocol": "TCP", "RSSI": -48, "RTT": 0.0, "new_BSSID": false}
data sent
{"Protocol": "TCP", "RSSI": -48, "RTT": 8.9e-05, "new_BSSID": false}
data sent
{"Protocol": "UDP", "RSSI": -48, "RTT": -1.0, "new_BSSID": false}
data sent
{"Protocol": "UDP", "RSSI": -48, "RTT": -1.0, "new_BSSID": false}
data sent
{"Protocol": "UDP", "RSSI": -48, "RTT": -1.0, "new_BSSID": false}
data sent
{"Protocol": "UDP", "RSSI": -48, "RTT": -1.0, "new_BSSID": false}
data sent
{"Protocol": "TCP", "RSSI": -48, "RTT": 0.0, "new_BSSID": false}
data sent
{"Protocol": "TCP", "RSSI": -48, "RTT": 0.0, "new_BSSID": false}
data sent
{"Protocol": "TCP", "RSSI": -48, "RTT": 0.000168, "new_BSSID": false}
data sent
{"Protocol": "UDP", "RSSI": -48, "RTT": -1.0, "new_BSSID": false}
data sent
{"Protocol": "UDP", "RSSI": -48, "RTT": -1.0, "new_BSSID": false}
data sent
{"Protocol": "UDP", "RSSI": -48, "RTT": -1.0, "new_BSSID": false}
data sent
{"Protocol": "UDP", "RSSI": -48, "RTT": -1.0, "new_BSSID": false}
data sent
{"Protocol": "UDP", "RSSI": -48, "RTT": -1.0, "new_BSSID": false}
data sent
{"Protocol": "UDP", "RSSI": -48, "RTT": -1.0, "new_BSSID": false}
data sent
{"Protocol": "TCP", "RSSI": -48, "RTT": 0.0, "new_BSSID": false}
data sent
{"Protocol": "TCP", "RSSI": -48, "RTT": 0.003027, "new_BSSID": false}
data sent
{"Protocol": "UDP", "RSSI": -48, "RTT": -1.0, "new_BSSID": false}
data sent
{"Protocol": "UDP", "RSSI": -48, "RTT": -1.0, "new_BSSID": false}
data sent
{"Protocol": "TCP", "RSSI": -48, "RTT": 0.0, "new_BSSID": false}
data sent
{"Protocol": "TCP", "RSSI": -48, "RTT": 0.005563, "new_BSSID": false}
data sent
{"Protocol": "TCP", "RSSI": -48, "RTT": 0.0, "new_BSSID": false}
data sent
{"Protocol": "UDP", "RSSI": -48, "RTT": -1.0, "new_BSSID": false}
data sent
{"Protocol": "TCP", "RSSI": -48, "RTT": 0.0, "new_BSSID": false}
data sent
{"Protocol": "TCP", "RSSI": -48, "RTT": 0.000234, "new_BSSID": false}
data sent
{"Protocol": "UDP", "RSSI": -48, "RTT": -1.0, "new_BSSID": false}
data sent
{"Protocol": "UDP", "RSSI": -48, "RTT": -1.0, "new_BSSID": false}
data sent
{"Protocol": "UDP", "RSSI": -48, "RTT": -1.0, "new_BSSID": false}
data sent
{"Protocol": "TCP", "RSSI": -48, "RTT": 0.0, "new_BSSID": false}
data sent
{"Protocol": "TCP", "RSSI": -48, "RTT": 0.004345, "new_BSSID": false}
data sent
{"Protocol": "TCP", "RSSI": -48, "RTT": 0.0, "new_BSSID": false}
data sent
{"Protocol": "TCP", "RSSI": -48, "RTT": 0.0, "new_BSSID": false}
data sent
{"Protocol": "UDP", "RSSI": -48, "RTT": -1.0, "new_BSSID": false}
data sent
{"Protocol": "UDP", "RSSI": -48, "RTT": -1.0, "new_BSSID": false}
data sent
{"Protocol": "TCP", "RSSI": -48, "RTT": 0.000215, "new_BSSID": false}
data sent
{"Protocol": "UDP", "RSSI": -48, "RTT": -1.0, "new_BSSID": false}
data sent
{"Protocol": "UDP", "RSSI": -48, "RTT": -1.0, "new_BSSID": false}
data sent
{"Protocol": "UDP", "RSSI": -48, "RTT": -1.0, "new_BSSID": false}
data sent
{"Protocol": "TCP", "RSSI": -48, "RTT": 0.0, "new_BSSID": false}
data sent
{"Protocol": "TCP", "RSSI": -48, "RTT": 0.0, "new_BSSID": false}
data sent
{"Protocol": "TCP", "RSSI": -48, "RTT": 0.0, "new_BSSID": false}
data sent
{"Protocol": "TCP", "RSSI": -48, "RTT": 0.0, "new_BSSID": false}
data sent
{"Protocol": "TCP", "RSSI": -48, "RTT": 0.0, "new_BSSID": false}
data sent
{"Protocol": "TCP", "RSSI": -48, "RTT": 0.0, "new_BSSID": false}
data sent
{"Protocol": "TCP", "RSSI": -48, "RTT": 0.0, "new_BSSID": false}
data sent
{"Protocol": "TCP", "RSSI": -48, "RTT": 0.000491, "new_BSSID": false}
data sent
{"Protocol": "UDP", "RSSI": -48, "RTT": -1.0, "new_BSSID": false}
data sent
{"Protocol": "UDP", "RSSI": -48, "RTT": -1.0, "new_BSSID": false}
data sent
{"Protocol": "UDP", "RSSI": -48, "RTT": -1.0, "new_BSSID": false}
data sent
{"Protocol": "TCP", "RSSI": -48, "RTT": 0.0, "new_BSSID": false}
data sent
{"Protocol": "UDP", "RSSI": -48, "RTT": -1.0, "new_BSSID": false}
data sent
{"Protocol": "TCP", "RSSI": -48, "RTT": 0.0, "new_BSSID": false}
data sent
{"Protocol": "UDP", "RSSI": -48, "RTT": -1.0, "new_BSSID": false}
data sent
{"Protocol": "UDP", "RSSI": -48, "RTT": -1.0, "new_BSSID": false}
data sent
{"Protocol": "UDP", "RSSI": -48, "RTT": -1.0, "new_BSSID": false}
data sent
{"Protocol": "TCP", "RSSI": -48, "RTT": 0.0, "new_BSSID": false}
data sent
{"Protocol": "TCP", "RSSI": -48, "RTT": 0.0, "new_BSSID": false}
data sent
{"Protocol": "TCP", "RSSI": -48, "RTT": 0.0, "new_BSSID": false}
data sent
{"Protocol": "TCP", "RSSI": -48, "RTT": 0.000504, "new_BSSID": false}
data sent
{"Protocol": "UDP", "RSSI": -48, "RTT": -1.0, "new_BSSID": false}
data sent
{"Protocol": "UDP", "RSSI": -48, "RTT": -1.0, "new_BSSID": false}
data sent
{"Protocol": "UDP", "RSSI": -48, "RTT": -1.0, "new_BSSID": false}
data sent
{"Protocol": "UDP", "RSSI": -48, "RTT": -1.0, "new_BSSID": false}
data sent
{"Protocol": "UDP", "RSSI": -48, "RTT": -1.0, "new_BSSID": false}
data sent
{"Protocol": "TCP", "RSSI": -48, "RTT": 0.0, "new_BSSID": false}
data sent
{"Protocol": "TCP", "RSSI": -48, "RTT": 0.0, "new_BSSID": false}
data sent
{"Protocol": "TCP", "RSSI": -48, "RTT": 0.0, "new_BSSID": false}
data sent
{"Protocol": "TCP", "RSSI": -48, "RTT": 0.0, "new_BSSID": false}
data sent
{"Protocol": "TCP", "RSSI": -48, "RTT": 0.000332, "new_BSSID": false}
data sent
{"Protocol": "UDP", "RSSI": -48, "RTT": -1.0, "new_BSSID": false}
data sent
{"Protocol": "UDP", "RSSI": -48, "RTT": -1.0, "new_BSSID": false}
data sent
{"Protocol": "UDP", "RSSI": -48, "RTT": -1.0, "new_BSSID": false}
data sent
{"Protocol": "UDP", "RSSI": -48, "RTT": -1.0, "new_BSSID": false}
data sent
{"Protocol": "UDP", "RSSI": -48, "RTT": -1.0, "new_BSSID": false}
data sent
{"Protocol": "TCP", "RSSI": -48, "RTT": 0.0, "new_BSSID": false}
data sent
{"Protocol": "TCP", "RSSI": -48, "RTT": 0.0, "new_BSSID": false}
data sent
{"Protocol": "TCP", "RSSI": -48, "RTT": 0.0, "new_BSSID": false}
data sent
{"Protocol": "TCP", "RSSI": -48, "RTT": 0.0, "new_BSSID": false}
data sent
{"Protocol": "TCP", "RSSI": -48, "RTT": 0.0, "new_BSSID": false}
data sent
{"Protocol": "TCP", "RSSI": -48, "RTT": 0.0, "new_BSSID": false}
data sent
{"Protocol": "TCP", "RSSI": -48, "RTT": 0.0, "new_BSSID": false}
data sent
{"Protocol": "TCP", "RSSI": -48, "RTT": 0.0, "new_BSSID": false}
data sent
{"Protocol": "TCP", "RSSI": -48, "RTT": 0.0, "new_BSSID": false}
data sent
{"Protocol": "TCP", "RSSI": -48, "RTT": 0.000933, "new_BSSID": false}
data sent
{"Protocol": "UDP", "RSSI": -48, "RTT": -1.0, "new_BSSID": false}
data sent
{"Protocol": "UDP", "RSSI": -48, "RTT": -1.0, "new_BSSID": false}
data sent
{"Protocol": "UDP", "RSSI": -48, "RTT": -1.0, "new_BSSID": false}
data sent
{"Protocol": "UDP", "RSSI": -48, "RTT": -1.0, "new_BSSID": false}
data sent
{"Protocol": "UDP", "RSSI": -48, "RTT": -1.0, "new_BSSID": false}
data sent
{"Protocol": "UDP", "RSSI": -48, "RTT": -1.0, "new_BSSID": false}
data sent
{"Protocol": "UDP", "RSSI": -48, "RTT": -1.0, "new_BSSID": false}
data sent
{"Protocol": "UDP", "RSSI": -48, "RTT": -1.0, "new_BSSID": false}
data sent
{"Protocol": "UDP", "RSSI": -48, "RTT": -1.0, "new_BSSID": false}
data sent
{"Protocol": "UDP", "RSSI": -48, "RTT": -1.0, "new_BSSID": false}
data sent
{"Protocol": "UDP", "RSSI": -48, "RTT": -1.0, "new_BSSID": false}
data sent
{"Protocol": "UDP", "RSSI": -48, "RTT": -1.0, "new_BSSID": false}
data sent
{"Protocol": "UDP", "RSSI": -48, "RTT": -1.0, "new_BSSID": false}
data sent
{"Protocol": "UDP", "RSSI": -48, "RTT": -1.0, "new_BSSID": false}
data sent
{"Protocol": "UDP", "RSSI": -48, "RTT": -1.0, "new_BSSID": false}
data sent
{"Protocol": "UDP", "RSSI": -48, "RTT": -1.0, "new_BSSID": false}
data sent
{"Protocol": "UDP", "RSSI": -48, "RTT": -1.0, "new_BSSID": false}
data sent
{"Protocol": "UDP", "RSSI": -48, "RTT": -1.0, "new_BSSID": false}
data sent
{"Protocol": "UDP", "RSSI": -48, "RTT": -1.0, "new_BSSID": false}
data sent
{"Protocol": "UDP", "RSSI": -48, "RTT": -1.0, "new_BSSID": false}
data sent
{"Protocol": "UDP", "RSSI": -48, "RTT": -1.0, "new_BSSID": false}
data sent
{"Protocol": "UDP", "RSSI": -48, "RTT": -1.0, "new_BSSID": false}
data sent
{"Protocol": "UDP", "RSSI": -48, "RTT": -1.0, "new_BSSID": false}
data sent
{"Protocol": "UDP", "RSSI": -48, "RTT": -1.0, "new_BSSID": false}
data sent
{"Protocol": "UDP", "RSSI": -48, "RTT": -1.0, "new_BSSID": false}
data sent
{"Protocol": "UDP", "RSSI": -48, "RTT": -1.0, "new_BSSID": false}
data sent
{"Protocol": "UDP", "RSSI": -48, "RTT": -1.0, "new_BSSID": false}
data sent
{"Protocol": "TCP", "RSSI": -48, "RTT": 0.0, "new_BSSID": false}
data sent
{"Protocol": "TCP", "RSSI": -48, "RTT": 0.002664, "new_BSSID": false}
data sent
{"Protocol": "UDP", "RSSI": -48, "RTT": -1.0, "new_BSSID": false}
data sent
{"Protocol": "TCP", "RSSI": -48, "RTT": 0.0, "new_BSSID": false}
data sent
{"Protocol": "UDP", "RSSI": -48, "RTT": -1.0, "new_BSSID": false}
data sent
{"Protocol": "UDP", "RSSI": -48, "RTT": -1.0, "new_BSSID": false}
data sent
{"Protocol": "TCP", "RSSI": -48, "RTT": 0.0, "new_BSSID": false}
data sent
{"Protocol": "TCP", "RSSI": -48, "RTT": 0.0, "new_BSSID": false}
data sent
{"Protocol": "TCP", "RSSI": -48, "RTT": 0.0, "new_BSSID": false}
data sent
{"Protocol": "TCP", "RSSI": -48, "RTT": 0.000306, "new_BSSID": false}
data sent
{"Protocol": "UDP", "RSSI": -48, "RTT": -1.0, "new_BSSID": false}
data sent
{"Protocol": "UDP", "RSSI": -48, "RTT": -1.0, "new_BSSID": false}
data sent
{"Protocol": "UDP", "RSSI": -48, "RTT": -1.0, "new_BSSID": false}
data sent
{"Protocol": "UDP", "RSSI": -48, "RTT": -1.0, "new_BSSID": false}
data sent
{"Protocol": "TCP", "RSSI": -48, "RTT": 0.0, "new_BSSID": false}
data sent
{"Protocol": "TCP", "RSSI": -48, "RTT": 0.0, "new_BSSID": false}
data sent
{"Protocol": "TCP", "RSSI": -46, "RTT": 0.0, "new_BSSID": false}
data sent
{"Protocol": "TCP", "RSSI": -46, "RTT": 0.000148, "new_BSSID": false}
data sent
{"Protocol": "UDP", "RSSI": -46, "RTT": -1.0, "new_BSSID": false}
data sent
{"Protocol": "UDP", "RSSI": -46, "RTT": -1.0, "new_BSSID": false}
data sent
{"Protocol": "UDP", "RSSI": -46, "RTT": -1.0, "new_BSSID": false}
data sent
{"Protocol": "TCP", "RSSI": -46, "RTT": 0.0, "new_BSSID": false}
data sent
{"Protocol": "TCP", "RSSI": -46, "RTT": 0.0, "new_BSSID": false}
data sent
{"Protocol": "TCP", "RSSI": -46, "RTT": 0.0, "new_BSSID": false}
data sent
{"Protocol": "TCP", "RSSI": -46, "RTT": 0.0, "new_BSSID": false}
data sent
{"Protocol": "TCP", "RSSI": -46, "RTT": 0.0, "new_BSSID": false}
data sent
{"Protocol": "TCP", "RSSI": -46, "RTT": 0.0, "new_BSSID": false}
data sent
{"Protocol": "TCP", "RSSI": -46, "RTT": 0.0, "new_BSSID": false}
data sent
{"Protocol": "TCP", "RSSI": -46, "RTT": 0.0, "new_BSSID": false}
data sent
{"Protocol": "TCP", "RSSI": -46, "RTT": 0.0, "new_BSSID": false}
data sent
{"Protocol": "TCP", "RSSI": -46, "RTT": 0.0, "new_BSSID": false}
data sent
{"Protocol": "TCP", "RSSI": -46, "RTT": 0.0, "new_BSSID": false}
data sent
{"Protocol": "TCP", "RSSI": -46, "RTT": 0.0, "new_BSSID": false}
data sent
{"Protocol": "TCP", "RSSI": -46, "RTT": 0.0, "new_BSSID": false}
data sent
{"Protocol": "TCP", "RSSI": -46, "RTT": 0.0, "new_BSSID": false}
data sent
{"Protocol": "TCP", "RSSI": -46, "RTT": 0.0, "new_BSSID": false}
data sent
{"Protocol": "TCP", "RSSI": -46, "RTT": 0.0, "new_BSSID": false}
data sent
{"Protocol": "TCP", "RSSI": -46, "RTT": 0.0, "new_BSSID": false}
data sent
{"Protocol": "TCP", "RSSI": -46, "RTT": 0.0, "new_BSSID": false}
data sent
{"Protocol": "TCP", "RSSI": -46, "RTT": 0.00082, "new_BSSID": false}
data sent
{"Protocol": "TCP", "RSSI": -46, "RTT": 0.0, "new_BSSID": false}
data sent
{"Protocol": "TCP", "RSSI": -46, "RTT": 0.0, "new_BSSID": false}
data sent
{"Protocol": "TCP", "RSSI": -46, "RTT": 0.0, "new_BSSID": false}
data sent
{"Protocol": "UDP", "RSSI": -46, "RTT": -1.0, "new_BSSID": false}
data sent
{"Protocol": "UDP", "RSSI": -46, "RTT": -1.0, "new_BSSID": false}
data sent
{"Protocol": "UDP", "RSSI": -46, "RTT": -1.0, "new_BSSID": false}
data sent
{"Protocol": "UDP", "RSSI": -46, "RTT": -1.0, "new_BSSID": false}
data sent
{"Protocol": "UDP", "RSSI": -46, "RTT": -1.0, "new_BSSID": false}
data sent
{"Protocol": "TCP", "RSSI": -46, "RTT": 0.000386, "new_BSSID": false}
data sent
{"Protocol": "UDP", "RSSI": -46, "RTT": -1.0, "new_BSSID": false}
data sent
{"Protocol": "UDP", "RSSI": -46, "RTT": -1.0, "new_BSSID": false}
data sent
{"Protocol": "UDP", "RSSI": -46, "RTT": -1.0, "new_BSSID": false}
data sent
{"Protocol": "UDP", "RSSI": -46, "RTT": -1.0, "new_BSSID": false}
data sent
{"Protocol": "UDP", "RSSI": -46, "RTT": -1.0, "new_BSSID": false}
data sent
{"Protocol": "UDP", "RSSI": -46, "RTT": -1.0, "new_BSSID": false}
data sent
{"Protocol": "UDP", "RSSI": -46, "RTT": -1.0, "new_BSSID": false}
data sent
{"Protocol": "UDP", "RSSI": -46, "RTT": -1.0, "new_BSSID": false}
data sent
{"Protocol": "UDP", "RSSI": -46, "RTT": -1.0, "new_BSSID": false}
data sent
{"Protocol": "UDP", "RSSI": -46, "RTT": -1.0, "new_BSSID": false}
data sent
{"Protocol": "UDP", "RSSI": -46, "RTT": -1.0, "new_BSSID": false}
data sent
{"Protocol": "UDP", "RSSI": -46, "RTT": -1.0, "new_BSSID": false}
data sent
{"Protocol": "UDP", "RSSI": -46, "RTT": -1.0, "new_BSSID": false}
data sent
{"Protocol": "UDP", "RSSI": -46, "RTT": -1.0, "new_BSSID": false}
data sent
{"Protocol": "UDP", "RSSI": -46, "RTT": -1.0, "new_BSSID": false}
data sent
{"Protocol": "UDP", "RSSI": -46, "RTT": -1.0, "new_BSSID": false}
data sent
{"Protocol": "UDP", "RSSI": -46, "RTT": -1.0, "new_BSSID": false}
data sent
{"Protocol": "UDP", "RSSI": -46, "RTT": -1.0, "new_BSSID": false}
data sent
{"Protocol": "UDP", "RSSI": -46, "RTT": -1.0, "new_BSSID": false}
data sent
{"Protocol": "UDP", "RSSI": -46, "RTT": -1.0, "new_BSSID": false}
data sent
{"Protocol": "UDP", "RSSI": -46, "RTT": -1.0, "new_BSSID": false}
data sent
{"Protocol": "UDP", "RSSI": -46, "RTT": -1.0, "new_BSSID": false}
data sent
{"Protocol": "UDP", "RSSI": -46, "RTT": -1.0, "new_BSSID": false}
data sent
{"Protocol": "UDP", "RSSI": -46, "RTT": -1.0, "new_BSSID": false}
data sent
{"Protocol": "UDP", "RSSI": -46, "RTT": -1.0, "new_BSSID": false}
data sent
{"Protocol": "UDP", "RSSI": -46, "RTT": -1.0, "new_BSSID": false}
data sent
{"Protocol": "UDP", "RSSI": -46, "RTT": -1.0, "new_BSSID": false}
data sent
{"Protocol": "UDP", "RSSI": -46, "RTT": -1.0, "new_BSSID": false}
data sent
{"Protocol": "UDP", "RSSI": -46, "RTT": -1.0, "new_BSSID": false}
data sent
{"Protocol": "TCP", "RSSI": -46, "RTT": 0.0, "new_BSSID": false}
data sent
{"Protocol": "UDP", "RSSI": -46, "RTT": -1.0, "new_BSSID": false}
data sent
{"Protocol": "TCP", "RSSI": -46, "RTT": 0.046043, "new_BSSID": false}
data sent
{"Protocol": "TCP", "RSSI": -46, "RTT": 0.0, "new_BSSID": false}
data sent
{"Protocol": "UDP", "RSSI": -46, "RTT": -1.0, "new_BSSID": false}
data sent
{"Protocol": "TCP", "RSSI": -46, "RTT": 0.055793, "new_BSSID": false}
data sent
{"Protocol": "UDP", "RSSI": -46, "RTT": -1.0, "new_BSSID": false}
data sent
{"Protocol": "UDP", "RSSI": -46, "RTT": -1.0, "new_BSSID": false}
data sent
{"Protocol": "UDP", "RSSI": -46, "RTT": -1.0, "new_BSSID": false}
data sent
{"Protocol": "UDP", "RSSI": -46, "RTT": -1.0, "new_BSSID": false}
data sent
{"Protocol": "TCP", "RSSI": -46, "RTT": 0.0, "new_BSSID": false}
data sent
{"Protocol": "TCP", "RSSI": -46, "RTT": 0.076461, "new_BSSID": false}
data sent
{"Protocol": "UDP", "RSSI": -46, "RTT": -1.0, "new_BSSID": false}
data sent
{"Protocol": "UDP", "RSSI": -46, "RTT": -1.0, "new_BSSID": false}
data sent
{"Protocol": "TCP", "RSSI": -46, "RTT": 0.0, "new_BSSID": false}
data sent
{"Protocol": "TCP", "RSSI": -46, "RTT": 0.003134, "new_BSSID": false}
data sent
{"Protocol": "UDP", "RSSI": -46, "RTT": -1.0, "new_BSSID": false}
data sent
{"Protocol": "UDP", "RSSI": -46, "RTT": -1.0, "new_BSSID": false}
data sent
{"Protocol": "UDP", "RSSI": -46, "RTT": -1.0, "new_BSSID": false}
data sent
{"Protocol": "TCP", "RSSI": -46, "RTT": 0.0, "new_BSSID": false}
data sent
{"Protocol": "TCP", "RSSI": -46, "RTT": 0.002907, "new_BSSID": false}
data sent
{"Protocol": "TCP", "RSSI": -46, "RTT": 0.003016, "new_BSSID": false}
data sent
{"Protocol": "TCP", "RSSI": -46, "RTT": 0.0, "new_BSSID": false}
data sent
{"Protocol": "TCP", "RSSI": -46, "RTT": 0.0, "new_BSSID": false}
data sent
{"Protocol": "TCP", "RSSI": -46, "RTT": 0.0, "new_BSSID": false}
data sent
{"Protocol": "TCP", "RSSI": -46, "RTT": 0.0, "new_BSSID": false}
data sent
{"Protocol": "TCP", "RSSI": -46, "RTT": 0.0, "new_BSSID": false}
data sent
{"Protocol": "TCP", "RSSI": -46, "RTT": 0.0, "new_BSSID": false}
data sent
{"Protocol": "TCP", "RSSI": -46, "RTT": 0.0, "new_BSSID": false}
data sent
{"Protocol": "TCP", "RSSI": -46, "RTT": 0.000206, "new_BSSID": false}
data sent
{"Protocol": "TCP", "RSSI": -46, "RTT": 0.0, "new_BSSID": false}
data sent
{"Protocol": "TCP", "RSSI": -46, "RTT": 0.0, "new_BSSID": false}
data sent
{"Protocol": "TCP", "RSSI": -46, "RTT": 0.0, "new_BSSID": false}
data sent
{"Protocol": "TCP", "RSSI": -46, "RTT": 0.000191, "new_BSSID": false}
data sent
{"Protocol": "UDP", "RSSI": -46, "RTT": -1.0, "new_BSSID": false}
data sent
{"Protocol": "UDP", "RSSI": -46, "RTT": -1.0, "new_BSSID": false}
data sent
{"Protocol": "UDP", "RSSI": -46, "RTT": -1.0, "new_BSSID": false}
data sent
{"Protocol": "UDP", "RSSI": -46, "RTT": -1.0, "new_BSSID": false}
data sent
{"Protocol": "UDP", "RSSI": -46, "RTT": -1.0, "new_BSSID": false}
data sent
{"Protocol": "UDP", "RSSI": -46, "RTT": -1.0, "new_BSSID": false}
data sent
{"Protocol": "UDP", "RSSI": -46, "RTT": -1.0, "new_BSSID": false}
data sent
{"Protocol": "UDP", "RSSI": -46, "RTT": -1.0, "new_BSSID": false}
data sent
{"Protocol": "UDP", "RSSI": -46, "RTT": -1.0, "new_BSSID": false}
data sent
{"Protocol": "UDP", "RSSI": -46, "RTT": -1.0, "new_BSSID": false}
data sent
{"Protocol": "UDP", "RSSI": -46, "RTT": -1.0, "new_BSSID": false}
data sent
{"Protocol": "UDP", "RSSI": -46, "RTT": -1.0, "new_BSSID": false}
data sent
{"Protocol": "TCP", "RSSI": -46, "RTT": 0.0, "new_BSSID": false}
data sent
{"Protocol": "TCP", "RSSI": -46, "RTT": 0.0, "new_BSSID": false}
data sent
{"Protocol": "TCP", "RSSI": -46, "RTT": 0.0, "new_BSSID": false}
data sent
{"Protocol": "TCP", "RSSI": -46, "RTT": 0.0, "new_BSSID": false}
data sent
{"Protocol": "TCP", "RSSI": -46, "RTT": 0.000174, "new_BSSID": false}
data sent
{"Protocol": "UDP", "RSSI": -46, "RTT": -1.0, "new_BSSID": false}
data sent
{"Protocol": "UDP", "RSSI": -46, "RTT": -1.0, "new_BSSID": false}
data sent
{"Protocol": "UDP", "RSSI": -46, "RTT": -1.0, "new_BSSID": false}
data sent
{"Protocol": "UDP", "RSSI": -46, "RTT": -1.0, "new_BSSID": false}
data sent
{"Protocol": "UDP", "RSSI": -46, "RTT": -1.0, "new_BSSID": false}
data sent
{"Protocol": "TCP", "RSSI": -46, "RTT": 0.0, "new_BSSID": false}
data sent
{"Protocol": "TCP", "RSSI": -46, "RTT": 0.0, "new_BSSID": false}
data sent
{"Protocol": "TCP", "RSSI": -46, "RTT": 0.0, "new_BSSID": false}
data sent
{"Protocol": "TCP", "RSSI": -46, "RTT": 0.0, "new_BSSID": false}
data sent
{"Protocol": "TCP", "RSSI": -46, "RTT": 0.0, "new_BSSID": false}
data sent
{"Protocol": "TCP", "RSSI": -46, "RTT": 0.0, "new_BSSID": false}
data sent
{"Protocol": "TCP", "RSSI": -46, "RTT": 0.000237, "new_BSSID": false}
data sent
{"Protocol": "UDP", "RSSI": -46, "RTT": -1.0, "new_BSSID": false}
data sent
{"Protocol": "UDP", "RSSI": -46, "RTT": -1.0, "new_BSSID": false}
data sent
{"Protocol": "UDP", "RSSI": -46, "RTT": -1.0, "new_BSSID": false}
data sent
{"Protocol": "UDP", "RSSI": -46, "RTT": -1.0, "new_BSSID": false}
data sent
{"Protocol": "UDP", "RSSI": -46, "RTT": -1.0, "new_BSSID": false}
data sent
{"Protocol": "UDP", "RSSI": -46, "RTT": -1.0, "new_BSSID": false}
data sent
{"Protocol": "UDP", "RSSI": -46, "RTT": -1.0, "new_BSSID": false}
data sent
{"Protocol": "TCP", "RSSI": -46, "RTT": 0.0, "new_BSSID": false}
data sent
{"Protocol": "TCP", "RSSI": -46, "RTT": 0.0, "new_BSSID": false}
data sent
{"Protocol": "TCP", "RSSI": -46, "RTT": 0.0, "new_BSSID": false}
data sent
{"Protocol": "TCP", "RSSI": -46, "RTT": 0.0, "new_BSSID": false}
data sent
{"Protocol": "TCP", "RSSI": -46, "RTT": 0.0, "new_BSSID": false}
data sent
{"Protocol": "TCP", "RSSI": -46, "RTT": 0.00021, "new_BSSID": false}
data sent
{"Protocol": "UDP", "RSSI": -46, "RTT": -1.0, "new_BSSID": false}
data sent
{"Protocol": "UDP", "RSSI": -46, "RTT": -1.0, "new_BSSID": false}
data sent
{"Protocol": "UDP", "RSSI": -46, "RTT": -1.0, "new_BSSID": false}
data sent
{"Protocol": "UDP", "RSSI": -46, "RTT": -1.0, "new_BSSID": false}
data sent
{"Protocol": "UDP", "RSSI": -46, "RTT": -1.0, "new_BSSID": false}
data sent
{"Protocol": "UDP", "RSSI": -46, "RTT": -1.0, "new_BSSID": false}
data sent
{"Protocol": "UDP", "RSSI": -46, "RTT": -1.0, "new_BSSID": false}
data sent
{"Protocol": "UDP", "RSSI": -46, "RTT": -1.0, "new_BSSID": false}
data sent
{"Protocol": "UDP", "RSSI": -46, "RTT": -1.0, "new_BSSID": false}
data sent
{"Protocol": "UDP", "RSSI": -46, "RTT": -1.0, "new_BSSID": false}
data sent
{"Protocol": "UDP", "RSSI": -46, "RTT": -1.0, "new_BSSID": false}
data sent
{"Protocol": "UDP", "RSSI": -46, "RTT": -1.0, "new_BSSID": false}
data sent
{"Protocol": "UDP", "RSSI": -46, "RTT": -1.0, "new_BSSID": false}
data sent
{"Protocol": "UDP", "RSSI": -46, "RTT": -1.0, "new_BSSID": false}
data sent
{"Protocol": "UDP", "RSSI": -46, "RTT": -1.0, "new_BSSID": false}
data sent
{"Protocol": "UDP", "RSSI": -46, "RTT": -1.0, "new_BSSID": false}
data sent
{"Protocol": "UDP", "RSSI": -46, "RTT": -1.0, "new_BSSID": false}
data sent
{"Protocol": "UDP", "RSSI": -46, "RTT": -1.0, "new_BSSID": false}
data sent
{"Protocol": "UDP", "RSSI": -46, "RTT": -1.0, "new_BSSID": false}
data sent
{"Protocol": "UDP", "RSSI": -46, "RTT": -1.0, "new_BSSID": false}
data sent
{"Protocol": "TCP", "RSSI": -46, "RTT": 0.0, "new_BSSID": false}
data sent
{"Protocol": "TCP", "RSSI": -46, "RTT": 0.000306, "new_BSSID": false}
data sent
{"Protocol": "UDP", "RSSI": -46, "RTT": -1.0, "new_BSSID": false}
data sent
{"Protocol": "UDP", "RSSI": -46, "RTT": -1.0, "new_BSSID": false}
data sent
{"Protocol": "UDP", "RSSI": -46, "RTT": -1.0, "new_BSSID": false}
data sent
{"Protocol": "UDP", "RSSI": -46, "RTT": -1.0, "new_BSSID": false}
data sent
{"Protocol": "TCP", "RSSI": -46, "RTT": 0.242413, "new_BSSID": false}
data sent
{"Protocol": "TCP", "RSSI": -46, "RTT": 0.0, "new_BSSID": false}
data sent
{"Protocol": "TCP", "RSSI": -46, "RTT": 0.000217, "new_BSSID": false}
data sent
{"Protocol": "UDP", "RSSI": -46, "RTT": -1.0, "new_BSSID": false}
data sent
{"Protocol": "UDP", "RSSI": -46, "RTT": -1.0, "new_BSSID": false}
data sent
{"Protocol": "UDP", "RSSI": -46, "RTT": -1.0, "new_BSSID": false}
data sent
{"Protocol": "UDP", "RSSI": -46, "RTT": -1.0, "new_BSSID": false}
data sent
{"Protocol": "UDP", "RSSI": -46, "RTT": -1.0, "new_BSSID": false}
data sent
{"Protocol": "TCP", "RSSI": -46, "RTT": 0.0, "new_BSSID": false}
data sent
{"Protocol": "TCP", "RSSI": -46, "RTT": 0.002445, "new_BSSID": false}
data sent
{"Protocol": "TCP", "RSSI": -46, "RTT": 0.0, "new_BSSID": false}
data sent
{"Protocol": "TCP", "RSSI": -46, "RTT": 0.0, "new_BSSID": false}
data sent
{"Protocol": "TCP", "RSSI": -46, "RTT": 8e-05, "new_BSSID": false}
data sent
{"Protocol": "TCP", "RSSI": -46, "RTT": 0.0, "new_BSSID": false}
data sent
{"Protocol": "UDP", "RSSI": -46, "RTT": -1.0, "new_BSSID": false}
data sent
{"Protocol": "UDP", "RSSI": -46, "RTT": -1.0, "new_BSSID": false}
data sent
{"Protocol": "TCP", "RSSI": -46, "RTT": 0.004259, "new_BSSID": false}
data sent
{"Protocol": "UDP", "RSSI": -46, "RTT": -1.0, "new_BSSID": false}
data sent
{"Protocol": "UDP", "RSSI": -46, "RTT": -1.0, "new_BSSID": false}
data sent
{"Protocol": "UDP", "RSSI": -46, "RTT": -1.0, "new_BSSID": false}
data sent
{"Protocol": "UDP", "RSSI": -46, "RTT": -1.0, "new_BSSID": false}
data sent
{"Protocol": "UDP", "RSSI": -46, "RTT": -1.0, "new_BSSID": false}
data sent
{"Protocol": "TCP", "RSSI": -46, "RTT": 0.0, "new_BSSID": false}
data sent
{"Protocol": "TCP", "RSSI": -46, "RTT": 0.002455, "new_BSSID": false}
data sent
{"Protocol": "TCP", "RSSI": -46, "RTT": 0.0, "new_BSSID": false}
data sent
{"Protocol": "TCP", "RSSI": -46, "RTT": 0.036255, "new_BSSID": false}
data sent
{"Protocol": "TCP", "RSSI": -46, "RTT": 0.0, "new_BSSID": false}
data sent
{"Protocol": "UDP", "RSSI": -46, "RTT": -1.0, "new_BSSID": false}
data sent
{"Protocol": "TCP", "RSSI": -46, "RTT": 0.044394, "new_BSSID": false}
data sent
{"Protocol": "UDP", "RSSI": -46, "RTT": -1.0, "new_BSSID": false}
data sent
{"Protocol": "UDP", "RSSI": -46, "RTT": -1.0, "new_BSSID": false}
data sent
{"Protocol": "UDP", "RSSI": -46, "RTT": -1.0, "new_BSSID": false}
data sent
{"Protocol": "UDP", "RSSI": -46, "RTT": -1.0, "new_BSSID": false}
data sent
{"Protocol": "UDP", "RSSI": -46, "RTT": -1.0, "new_BSSID": false}
data sent
{"Protocol": "TCP", "RSSI": -46, "RTT": 0.0, "new_BSSID": false}
data sent
{"Protocol": "TCP", "RSSI": -46, "RTT": 0.00541, "new_BSSID": false}
data sent
{"Protocol": "TCP", "RSSI": -46, "RTT": 0.000369, "new_BSSID": false}
data sent
{"Protocol": "TCP", "RSSI": -46, "RTT": 0.005133, "new_BSSID": false}
data sent
{"Protocol": "TCP", "RSSI": -46, "RTT": 0.0, "new_BSSID": false}
data sent
{"Protocol": "TCP", "RSSI": -46, "RTT": 0.002199, "new_BSSID": false}
data sent
{"Protocol": "TCP", "RSSI": -46, "RTT": 0.000116, "new_BSSID": false}
data sent
{"Protocol": "UDP", "RSSI": -46, "RTT": -1.0, "new_BSSID": false}
data sent
{"Protocol": "UDP", "RSSI": -46, "RTT": -1.0, "new_BSSID": false}
data sent
{"Protocol": "TCP", "RSSI": -46, "RTT": 0.040186, "new_BSSID": false}
data sent
{"Protocol": "UDP", "RSSI": -46, "RTT": -1.0, "new_BSSID": false}
data sent
{"Protocol": "UDP", "RSSI": -46, "RTT": -1.0, "new_BSSID": false}
data sent
{"Protocol": "TCP", "RSSI": -46, "RTT": 0.0, "new_BSSID": false}
data sent
{"Protocol": "TCP", "RSSI": -46, "RTT": 0.00251, "new_BSSID": false}
data sent
{"Protocol": "TCP", "RSSI": -46, "RTT": 0.0, "new_BSSID": false}
data sent
{"Protocol": "TCP", "RSSI": -46, "RTT": 5.2e-05, "new_BSSID": false}
data sent
{"Protocol": "UDP", "RSSI": -46, "RTT": -1.0, "new_BSSID": false}
data sent
{"Protocol": "UDP", "RSSI": -46, "RTT": -1.0, "new_BSSID": false}
data sent
{"Protocol": "UDP", "RSSI": -46, "RTT": -1.0, "new_BSSID": false}
data sent
{"Protocol": "UDP", "RSSI": -46, "RTT": -1.0, "new_BSSID": false}
data sent
{"Protocol": "UDP", "RSSI": -46, "RTT": -1.0, "new_BSSID": false}
data sent
{"Protocol": "UDP", "RSSI": -46, "RTT": -1.0, "new_BSSID": false}
data sent
{"Protocol": "UDP", "RSSI": -46, "RTT": -1.0, "new_BSSID": false}
data sent
{"Protocol": "TCP", "RSSI": -46, "RTT": 0.0, "new_BSSID": false}
data sent
{"Protocol": "UDP", "RSSI": -46, "RTT": -1.0, "new_BSSID": false}
data sent
{"Protocol": "UDP", "RSSI": -46, "RTT": -1.0, "new_BSSID": false}
data sent
{"Protocol": "TCP", "RSSI": -46, "RTT": 0.041943, "new_BSSID": false}
data sent
{"Protocol": "TCP", "RSSI": -46, "RTT": 0.0, "new_BSSID": false}
data sent
{"Protocol": "TCP", "RSSI": -46, "RTT": 0.002023, "new_BSSID": false}
data sent
{"Protocol": "TCP", "RSSI": -46, "RTT": 0.0, "new_BSSID": false}
data sent
{"Protocol": "UDP", "RSSI": -46, "RTT": -1.0, "new_BSSID": false}
data sent
{"Protocol": "TCP", "RSSI": -46, "RTT": 0.055592, "new_BSSID": false}
data sent
{"Protocol": "TCP", "RSSI": -46, "RTT": 0.0, "new_BSSID": false}
data sent
{"Protocol": "TCP", "RSSI": -46, "RTT": 0.0, "new_BSSID": false}
data sent
{"Protocol": "TCP", "RSSI": -46, "RTT": 0.0, "new_BSSID": false}
data sent
{"Protocol": "TCP", "RSSI": -46, "RTT": 0.0, "new_BSSID": false}
data sent
{"Protocol": "TCP", "RSSI": -46, "RTT": 0.000119, "new_BSSID": false}
data sent
{"Protocol": "UDP", "RSSI": -46, "RTT": -1.0, "new_BSSID": false}
data sent
{"Protocol": "UDP", "RSSI": -46, "RTT": -1.0, "new_BSSID": false}
data sent
{"Protocol": "UDP", "RSSI": -46, "RTT": -1.0, "new_BSSID": false}
data sent
{"Protocol": "UDP", "RSSI": -46, "RTT": -1.0, "new_BSSID": false}
data sent
{"Protocol": "UDP", "RSSI": -46, "RTT": -1.0, "new_BSSID": false}
data sent
{"Protocol": "UDP", "RSSI": -46, "RTT": -1.0, "new_BSSID": false}
data sent
{"Protocol": "UDP", "RSSI": -46, "RTT": -1.0, "new_BSSID": false}
data sent
{"Protocol": "TCP", "RSSI": -46, "RTT": 0.0, "new_BSSID": false}
data sent
{"Protocol": "UDP", "RSSI": -46, "RTT": -1.0, "new_BSSID": false}
data sent
{"Protocol": "UDP", "RSSI": -46, "RTT": -1.0, "new_BSSID": false}
data sent
{"Protocol": "UDP", "RSSI": -46, "RTT": -1.0, "new_BSSID": false}
data sent
{"Protocol": "TCP", "RSSI": -46, "RTT": 0.04175, "new_BSSID": false}
data sent
{"Protocol": "UDP", "RSSI": -46, "RTT": -1.0, "new_BSSID": false}
data sent
{"Protocol": "TCP", "RSSI": -46, "RTT": 0.0, "new_BSSID": false}
data sent
{"Protocol": "TCP", "RSSI": -46, "RTT": 0.002398, "new_BSSID": false}
data sent
{"Protocol": "UDP", "RSSI": -46, "RTT": -1.0, "new_BSSID": false}
data sent
{"Protocol": "UDP", "RSSI": -46, "RTT": -1.0, "new_BSSID": false}
data sent
{"Protocol": "TCP", "RSSI": -46, "RTT": 0.0, "new_BSSID": false}
data sent
{"Protocol": "TCP", "RSSI": -46, "RTT": 0.0, "new_BSSID": false}
data sent
{"Protocol": "TCP", "RSSI": -46, "RTT": 0.000156, "new_BSSID": false}
data sent
{"Protocol": "TCP", "RSSI": -46, "RTT": 0.0, "new_BSSID": false}
data sent
{"Protocol": "UDP", "RSSI": -46, "RTT": -1.0, "new_BSSID": false}
data sent
{"Protocol": "UDP", "RSSI": -46, "RTT": -1.0, "new_BSSID": false}
data sent
{"Protocol": "TCP", "RSSI": -46, "RTT": 0.012921, "new_BSSID": false}
data sent
{"Protocol": "UDP", "RSSI": -46, "RTT": -1.0, "new_BSSID": false}
data sent
{"Protocol": "UDP", "RSSI": -46, "RTT": -1.0, "new_BSSID": false}
data sent
{"Protocol": "UDP", "RSSI": -46, "RTT": -1.0, "new_BSSID": false}
data sent
{"Protocol": "UDP", "RSSI": -46, "RTT": -1.0, "new_BSSID": false}
data sent
{"Protocol": "UDP", "RSSI": -46, "RTT": -1.0, "new_BSSID": false}
data sent
{"Protocol": "UDP", "RSSI": -46, "RTT": -1.0, "new_BSSID": false}
data sent
{"Protocol": "UDP", "RSSI": -46, "RTT": -1.0, "new_BSSID": false}
data sent
{"Protocol": "UDP", "RSSI": -46, "RTT": -1.0, "new_BSSID": false}
data sent
{"Protocol": "UDP", "RSSI": -46, "RTT": -1.0, "new_BSSID": false}
data sent
{"Protocol": "UDP", "RSSI": -46, "RTT": -1.0, "new_BSSID": false}
data sent
{"Protocol": "UDP", "RSSI": -46, "RTT": -1.0, "new_BSSID": false}
data sent
{"Protocol": "UDP", "RSSI": -46, "RTT": -1.0, "new_BSSID": false}
data sent
{"Protocol": "UDP", "RSSI": -46, "RTT": -1.0, "new_BSSID": false}
data sent
{"Protocol": "UDP", "RSSI": -46, "RTT": -1.0, "new_BSSID": false}
data sent
{"Protocol": "TCP", "RSSI": -46, "RTT": 0.0, "new_BSSID": false}
data sent
{"Protocol": "TCP", "RSSI": -46, "RTT": 0.000444, "new_BSSID": false}
data sent
{"Protocol": "TCP", "RSSI": -46, "RTT": 0.003105, "new_BSSID": false}
data sent
{"Protocol": "UDP", "RSSI": -46, "RTT": -1.0, "new_BSSID": false}
data sent
{"Protocol": "UDP", "RSSI": -46, "RTT": -1.0, "new_BSSID": false}
data sent
{"Protocol": "UDP", "RSSI": -46, "RTT": -1.0, "new_BSSID": false}
data sent
{"Protocol": "TCP", "RSSI": -46, "RTT": 0.0, "new_BSSID": false}
data sent
{"Protocol": "TCP", "RSSI": -46, "RTT": 0.0, "new_BSSID": false}
data sent
{"Protocol": "UDP", "RSSI": -46, "RTT": -1.0, "new_BSSID": false}
data sent
{"Protocol": "TCP", "RSSI": -46, "RTT": 0.00568, "new_BSSID": false}
data sent
{"Protocol": "TCP", "RSSI": -46, "RTT": 0.005636, "new_BSSID": false}
data sent
{"Protocol": "TCP", "RSSI": -46, "RTT": 0.0, "new_BSSID": false}
data sent
{"Protocol": "TCP", "RSSI": -46, "RTT": 0.000164, "new_BSSID": false}
data sent
{"Protocol": "UDP", "RSSI": -46, "RTT": -1.0, "new_BSSID": false}
data sent
{"Protocol": "UDP", "RSSI": -46, "RTT": -1.0, "new_BSSID": false}
data sent
{"Protocol": "UDP", "RSSI": -46, "RTT": -1.0, "new_BSSID": false}
data sent
{"Protocol": "UDP", "RSSI": -46, "RTT": -1.0, "new_BSSID": false}
data sent
{"Protocol": "TCP", "RSSI": -46, "RTT": 0.0, "new_BSSID": false}
data sent
{"Protocol": "TCP", "RSSI": -46, "RTT": 0.002647, "new_BSSID": false}
data sent
{"Protocol": "TCP", "RSSI": -46, "RTT": 0.0, "new_BSSID": false}
data sent
{"Protocol": "TCP", "RSSI": -46, "RTT": 0.037175, "new_BSSID": false}
data sent
{"Protocol": "TCP", "RSSI": -46, "RTT": 0.040768, "new_BSSID": false}
data sent
{"Protocol": "UDP", "RSSI": -46, "RTT": -1.0, "new_BSSID": false}
data sent
{"Protocol": "TCP", "RSSI": -46, "RTT": 0.0, "new_BSSID": false}
data sent
{"Protocol": "TCP", "RSSI": -46, "RTT": 0.010307, "new_BSSID": false}
data sent
{"Protocol": "TCP", "RSSI": -46, "RTT": 0.000327, "new_BSSID": false}
data sent
{"Protocol": "TCP", "RSSI": -46, "RTT": 0.004839, "new_BSSID": false}
data sent
{"Protocol": "TCP", "RSSI": -46, "RTT": 0.0, "new_BSSID": false}
data sent
{"Protocol": "TCP", "RSSI": -46, "RTT": 0.002126, "new_BSSID": false}
data sent
{"Protocol": "TCP", "RSSI": -46, "RTT": 0.000119, "new_BSSID": false}
data sent
{"Protocol": "UDP", "RSSI": -46, "RTT": -1.0, "new_BSSID": false}
data sent
{"Protocol": "UDP", "RSSI": -46, "RTT": -1.0, "new_BSSID": false}
data sent
{"Protocol": "TCP", "RSSI": -46, "RTT": 0.052246, "new_BSSID": false}
data sent
{"Protocol": "UDP", "RSSI": -46, "RTT": -1.0, "new_BSSID": false}
data sent
{"Protocol": "UDP", "RSSI": -46, "RTT": -1.0, "new_BSSID": false}
data sent
{"Protocol": "TCP", "RSSI": -46, "RTT": 0.0, "new_BSSID": false}
data sent
{"Protocol": "UDP", "RSSI": -46, "RTT": -1.0, "new_BSSID": false}
data sent
{"Protocol": "TCP", "RSSI": -46, "RTT": 0.00284, "new_BSSID": false}
data sent
{"Protocol": "TCP", "RSSI": -46, "RTT": 0.000122, "new_BSSID": false}
data sent
{"Protocol": "UDP", "RSSI": -46, "RTT": -1.0, "new_BSSID": false}
data sent
{"Protocol": "UDP", "RSSI": -46, "RTT": -1.0, "new_BSSID": false}
data sent
{"Protocol": "UDP", "RSSI": -46, "RTT": -1.0, "new_BSSID": false}
data sent
{"Protocol": "TCP", "RSSI": -46, "RTT": 0.0, "new_BSSID": false}
data sent
{"Protocol": "TCP", "RSSI": -49, "RTT": 0.063502, "new_BSSID": false}
data sent
{"Protocol": "TCP", "RSSI": -49, "RTT": 0.0, "new_BSSID": false}
data sent
{"Protocol": "TCP", "RSSI": -49, "RTT": 0.075238, "new_BSSID": false}
data sent
{"Protocol": "TCP", "RSSI": -49, "RTT": 0.0, "new_BSSID": false}
data sent
{"Protocol": "TCP", "RSSI": -49, "RTT": 0.044915, "new_BSSID": false}
data sent
{"Protocol": "TCP", "RSSI": -49, "RTT": 0.042305, "new_BSSID": false}
data sent
{"Protocol": "UDP", "RSSI": -49, "RTT": -1.0, "new_BSSID": false}
data sent
{"Protocol": "UDP", "RSSI": -49, "RTT": -1.0, "new_BSSID": false}
data sent
{"Protocol": "UDP", "RSSI": -49, "RTT": -1.0, "new_BSSID": false}
data sent
{"Protocol": "UDP", "RSSI": -49, "RTT": -1.0, "new_BSSID": false}
data sent
{"Protocol": "TCP", "RSSI": -49, "RTT": 0.0, "new_BSSID": false}
data sent
{"Protocol": "TCP", "RSSI": -49, "RTT": 0.00377, "new_BSSID": false}
data sent
{"Protocol": "UDP", "RSSI": -49, "RTT": -1.0, "new_BSSID": false}
data sent
{"Protocol": "UDP", "RSSI": -49, "RTT": -1.0, "new_BSSID": false}
data sent
{"Protocol": "UDP", "RSSI": -49, "RTT": -1.0, "new_BSSID": false}
data sent
{"Protocol": "TCP", "RSSI": -49, "RTT": 0.0, "new_BSSID": false}
data sent
{"Protocol": "TCP", "RSSI": -49, "RTT": 0.0, "new_BSSID": false}
data sent
{"Protocol": "UDP", "RSSI": -49, "RTT": -1.0, "new_BSSID": false}
data sent
{"Protocol": "TCP", "RSSI": -49, "RTT": 0.002073, "new_BSSID": false}
data sent
{"Protocol": "TCP", "RSSI": -49, "RTT": 0.00217, "new_BSSID": false}
data sent
{"Protocol": "TCP", "RSSI": -49, "RTT": 0.0, "new_BSSID": false}
data sent
{"Protocol": "TCP", "RSSI": -49, "RTT": 9.2e-05, "new_BSSID": false}
data sent
{"Protocol": "UDP", "RSSI": -49, "RTT": -1.0, "new_BSSID": false}
data sent
{"Protocol": "UDP", "RSSI": -49, "RTT": -1.0, "new_BSSID": false}
data sent
{"Protocol": "TCP", "RSSI": -49, "RTT": 0.0, "new_BSSID": false}
data sent
{"Protocol": "TCP", "RSSI": -49, "RTT": 0.034602, "new_BSSID": false}
data sent
{"Protocol": "TCP", "RSSI": -49, "RTT": 0.0, "new_BSSID": false}
data sent
{"Protocol": "TCP", "RSSI": -49, "RTT": 0.04235, "new_BSSID": false}
data sent
{"Protocol": "UDP", "RSSI": -49, "RTT": -1.0, "new_BSSID": false}
data sent
{"Protocol": "TCP", "RSSI": -49, "RTT": 0.0, "new_BSSID": false}
data sent
{"Protocol": "TCP", "RSSI": -49, "RTT": 0.004231, "new_BSSID": false}
data sent
{"Protocol": "TCP", "RSSI": -49, "RTT": 0.000306, "new_BSSID": false}
data sent
{"Protocol": "TCP", "RSSI": -49, "RTT": 0.004406, "new_BSSID": false}
data sent
{"Protocol": "TCP", "RSSI": -49, "RTT": 0.0, "new_BSSID": false}
data sent
{"Protocol": "UDP", "RSSI": -49, "RTT": -1.0, "new_BSSID": false}
data sent
{"Protocol": "TCP", "RSSI": -49, "RTT": 0.047537, "new_BSSID": false}
data sent
{"Protocol": "TCP", "RSSI": -49, "RTT": 0.0641, "new_BSSID": false}
data sent
{"Protocol": "TCP", "RSSI": -49, "RTT": 0.000114, "new_BSSID": false}
data sent
{"Protocol": "UDP", "RSSI": -49, "RTT": -1.0, "new_BSSID": false}
data sent
{"Protocol": "UDP", "RSSI": -49, "RTT": -1.0, "new_BSSID": false}
data sent
{"Protocol": "UDP", "RSSI": -49, "RTT": -1.0, "new_BSSID": false}
data sent
{"Protocol": "UDP", "RSSI": -49, "RTT": -1.0, "new_BSSID": false}
data sent
{"Protocol": "UDP", "RSSI": -49, "RTT": -1.0, "new_BSSID": false}
data sent
{"Protocol": "TCP", "RSSI": -49, "RTT": 0.0, "new_BSSID": false}
data sent
{"Protocol": "TCP", "RSSI": -49, "RTT": 0.070912, "new_BSSID": false}
data sent
{"Protocol": "TCP", "RSSI": -49, "RTT": 0.0, "new_BSSID": false}
data sent
{"Protocol": "TCP", "RSSI": -49, "RTT": 0.0, "new_BSSID": false}
data sent
{"Protocol": "TCP", "RSSI": -49, "RTT": 0.0, "new_BSSID": false}
data sent
{"Protocol": "TCP", "RSSI": -49, "RTT": 0.000297, "new_BSSID": false}
data sent
{"Protocol": "UDP", "RSSI": -49, "RTT": -1.0, "new_BSSID": false}
data sent
{"Protocol": "UDP", "RSSI": -49, "RTT": -1.0, "new_BSSID": false}
data sent
{"Protocol": "UDP", "RSSI": -49, "RTT": -1.0, "new_BSSID": false}
data sent
{"Protocol": "UDP", "RSSI": -49, "RTT": -1.0, "new_BSSID": false}
data sent
{"Protocol": "UDP", "RSSI": -49, "RTT": -1.0, "new_BSSID": false}
data sent
{"Protocol": "TCP", "RSSI": -49, "RTT": 0.0, "new_BSSID": false}
data sent
{"Protocol": "UDP", "RSSI": -49, "RTT": -1.0, "new_BSSID": false}
data sent
{"Protocol": "TCP", "RSSI": -49, "RTT": 0.066227, "new_BSSID": false}
data sent
{"Protocol": "UDP", "RSSI": -49, "RTT": -1.0, "new_BSSID": false}
data sent
{"Protocol": "TCP", "RSSI": -49, "RTT": 0.047222, "new_BSSID": false}
data sent
{"Protocol": "UDP", "RSSI": -49, "RTT": -1.0, "new_BSSID": false}
data sent
{"Protocol": "UDP", "RSSI": -49, "RTT": -1.0, "new_BSSID": false}
data sent
{"Protocol": "UDP", "RSSI": -49, "RTT": -1.0, "new_BSSID": false}
data sent
{"Protocol": "UDP", "RSSI": -49, "RTT": -1.0, "new_BSSID": false}
data sent
{"Protocol": "UDP", "RSSI": -49, "RTT": -1.0, "new_BSSID": false}
data sent
{"Protocol": "UDP", "RSSI": -49, "RTT": -1.0, "new_BSSID": false}
data sent
{"Protocol": "UDP", "RSSI": -49, "RTT": -1.0, "new_BSSID": false}
data sent
{"Protocol": "UDP", "RSSI": -49, "RTT": -1.0, "new_BSSID": false}
data sent
{"Protocol": "UDP", "RSSI": -49, "RTT": -1.0, "new_BSSID": false}
data sent
{"Protocol": "UDP", "RSSI": -49, "RTT": -1.0, "new_BSSID": false}
data sent
{"Protocol": "UDP", "RSSI": -49, "RTT": -1.0, "new_BSSID": false}
data sent
{"Protocol": "UDP", "RSSI": -49, "RTT": -1.0, "new_BSSID": false}
data sent
{"Protocol": "UDP", "RSSI": -49, "RTT": -1.0, "new_BSSID": false}
data sent
{"Protocol": "UDP", "RSSI": -49, "RTT": -1.0, "new_BSSID": false}
data sent
{"Protocol": "UDP", "RSSI": -49, "RTT": -1.0, "new_BSSID": false}
data sent
{"Protocol": "UDP", "RSSI": -49, "RTT": -1.0, "new_BSSID": false}
data sent
{"Protocol": "UDP", "RSSI": -49, "RTT": -1.0, "new_BSSID": false}
data sent
{"Protocol": "UDP", "RSSI": -49, "RTT": -1.0, "new_BSSID": false}
data sent
{"Protocol": "UDP", "RSSI": -49, "RTT": -1.0, "new_BSSID": false}
data sent
{"Protocol": "UDP", "RSSI": -49, "RTT": -1.0, "new_BSSID": false}
data sent
{"Protocol": "UDP", "RSSI": -49, "RTT": -1.0, "new_BSSID": false}
data sent
{"Protocol": "UDP", "RSSI": -49, "RTT": -1.0, "new_BSSID": false}
data sent
{"Protocol": "UDP", "RSSI": -49, "RTT": -1.0, "new_BSSID": false}
data sent
{"Protocol": "UDP", "RSSI": -49, "RTT": -1.0, "new_BSSID": false}
data sent
{"Protocol": "UDP", "RSSI": -49, "RTT": -1.0, "new_BSSID": false}
data sent
{"Protocol": "UDP", "RSSI": -49, "RTT": -1.0, "new_BSSID": false}
data sent
{"Protocol": "UDP", "RSSI": -49, "RTT": -1.0, "new_BSSID": false}
data sent
{"Protocol": "UDP", "RSSI": -49, "RTT": -1.0, "new_BSSID": false}
data sent
{"Protocol": "UDP", "RSSI": -49, "RTT": -1.0, "new_BSSID": false}
data sent
{"Protocol": "UDP", "RSSI": -49, "RTT": -1.0, "new_BSSID": false}
data sent
{"Protocol": "UDP", "RSSI": -49, "RTT": -1.0, "new_BSSID": false}
data sent
{"Protocol": "UDP", "RSSI": -49, "RTT": -1.0, "new_BSSID": false}
data sent
{"Protocol": "UDP", "RSSI": -49, "RTT": -1.0, "new_BSSID": false}
data sent
{"Protocol": "TCP", "RSSI": -49, "RTT": 0.0, "new_BSSID": false}
data sent
{"Protocol": "TCP", "RSSI": -49, "RTT": 0.0, "new_BSSID": false}
data sent
{"Protocol": "TCP", "RSSI": -49, "RTT": 0.002492, "new_BSSID": false}
data sent
{"Protocol": "TCP", "RSSI": -49, "RTT": 0.0, "new_BSSID": false}
data sent
{"Protocol": "TCP", "RSSI": -49, "RTT": 0.0, "new_BSSID": false}
data sent
{"Protocol": "TCP", "RSSI": -49, "RTT": 0.000159, "new_BSSID": false}
data sent
{"Protocol": "TCP", "RSSI": -49, "RTT": 0.002469, "new_BSSID": false}
data sent
{"Protocol": "TCP", "RSSI": -49, "RTT": 0.0, "new_BSSID": false}
data sent
{"Protocol": "TCP", "RSSI": -49, "RTT": 0.0, "new_BSSID": false}
data sent
{"Protocol": "TCP", "RSSI": -49, "RTT": 8.4e-05, "new_BSSID": false}
data sent
{"Protocol": "UDP", "RSSI": -49, "RTT": -1.0, "new_BSSID": false}
data sent
{"Protocol": "TCP", "RSSI": -49, "RTT": 0.0, "new_BSSID": false}
data sent
{"Protocol": "TCP", "RSSI": -49, "RTT": 0.00316, "new_BSSID": false}
data sent
{"Protocol": "TCP", "RSSI": -49, "RTT": 0.0, "new_BSSID": false}
data sent
{"Protocol": "TCP", "RSSI": -49, "RTT": 0.133456, "new_BSSID": false}
data sent
{"Protocol": "UDP", "RSSI": -49, "RTT": -1.0, "new_BSSID": false}
data sent
{"Protocol": "TCP", "RSSI": -49, "RTT": 0.0, "new_BSSID": false}
data sent
{"Protocol": "TCP", "RSSI": -49, "RTT": 0.005892, "new_BSSID": false}
data sent
{"Protocol": "TCP", "RSSI": -49, "RTT": 0.000409, "new_BSSID": false}
data sent
{"Protocol": "TCP", "RSSI": -49, "RTT": 0.005218, "new_BSSID": false}
data sent
{"Protocol": "TCP", "RSSI": -49, "RTT": 0.0, "new_BSSID": false}
data sent
{"Protocol": "TCP", "RSSI": -49, "RTT": 0.002443, "new_BSSID": false}
data sent
{"Protocol": "TCP", "RSSI": -49, "RTT": 0.00012, "new_BSSID": false}
data sent
{"Protocol": "UDP", "RSSI": -49, "RTT": -1.0, "new_BSSID": false}
data sent
{"Protocol": "UDP", "RSSI": -49, "RTT": -1.0, "new_BSSID": false}
data sent
{"Protocol": "TCP", "RSSI": -49, "RTT": 0.054784, "new_BSSID": false}
data sent
{"Protocol": "UDP", "RSSI": -49, "RTT": -1.0, "new_BSSID": false}
data sent
{"Protocol": "UDP", "RSSI": -49, "RTT": -1.0, "new_BSSID": false}
data sent
{"Protocol": "UDP", "RSSI": -49, "RTT": -1.0, "new_BSSID": false}
data sent
{"Protocol": "UDP", "RSSI": -49, "RTT": -1.0, "new_BSSID": false}
data sent
{"Protocol": "UDP", "RSSI": -49, "RTT": -1.0, "new_BSSID": false}
data sent
{"Protocol": "TCP", "RSSI": -49, "RTT": 0.0, "new_BSSID": false}
data sent
{"Protocol": "TCP", "RSSI": -49, "RTT": 0.0031, "new_BSSID": false}
data sent
{"Protocol": "TCP", "RSSI": -49, "RTT": 0.0, "new_BSSID": false}
data sent
{"Protocol": "TCP", "RSSI": -49, "RTT": 0.007017, "new_BSSID": false}
data sent
{"Protocol": "TCP", "RSSI": -49, "RTT": 0.0, "new_BSSID": false}
data sent
{"Protocol": "TCP", "RSSI": -49, "RTT": 0.0, "new_BSSID": false}
data sent
{"Protocol": "TCP", "RSSI": -49, "RTT": 0.0, "new_BSSID": false}
data sent
{"Protocol": "TCP", "RSSI": -49, "RTT": 0.000297, "new_BSSID": false}
data sent
{"Protocol": "UDP", "RSSI": -49, "RTT": -1.0, "new_BSSID": false}
data sent
{"Protocol": "UDP", "RSSI": -49, "RTT": -1.0, "new_BSSID": false}
data sent
{"Protocol": "UDP", "RSSI": -49, "RTT": -1.0, "new_BSSID": false}
data sent
{"Protocol": "UDP", "RSSI": -49, "RTT": -1.0, "new_BSSID": false}
data sent
{"Protocol": "UDP", "RSSI": -49, "RTT": -1.0, "new_BSSID": false}
data sent
{"Protocol": "UDP", "RSSI": -49, "RTT": -1.0, "new_BSSID": false}
data sent
{"Protocol": "UDP", "RSSI": -49, "RTT": -1.0, "new_BSSID": false}
data sent
{"Protocol": "TCP", "RSSI": -49, "RTT": 0.0, "new_BSSID": false}
data sent
{"Protocol": "TCP", "RSSI": -49, "RTT": 0.002429, "new_BSSID": false}
data sent
{"Protocol": "TCP", "RSSI": -49, "RTT": 0.0, "new_BSSID": false}
data sent
{"Protocol": "TCP", "RSSI": -50, "RTT": 0.0, "new_BSSID": false}
data sent
{"Protocol": "TCP", "RSSI": -50, "RTT": 0.000155, "new_BSSID": false}
data sent
{"Protocol": "UDP", "RSSI": -50, "RTT": -1.0, "new_BSSID": false}
data sent
{"Protocol": "UDP", "RSSI": -50, "RTT": -1.0, "new_BSSID": false}
data sent
{"Protocol": "TCP", "RSSI": -50, "RTT": 0.0, "new_BSSID": false}
data sent
{"Protocol": "TCP", "RSSI": -50, "RTT": 0.0, "new_BSSID": false}
data sent
{"Protocol": "TCP", "RSSI": -50, "RTT": 0.0, "new_BSSID": false}
data sent
{"Protocol": "TCP", "RSSI": -50, "RTT": 0.0, "new_BSSID": false}
data sent
{"Protocol": "TCP", "RSSI": -50, "RTT": 0.0, "new_BSSID": false}
data sent
{"Protocol": "TCP", "RSSI": -50, "RTT": 0.0, "new_BSSID": false}
data sent
{"Protocol": "TCP", "RSSI": -50, "RTT": 0.000409, "new_BSSID": false}
data sent
{"Protocol": "UDP", "RSSI": -50, "RTT": -1.0, "new_BSSID": false}
data sent
{"Protocol": "UDP", "RSSI": -50, "RTT": -1.0, "new_BSSID": false}
data sent
{"Protocol": "UDP", "RSSI": -50, "RTT": -1.0, "new_BSSID": false}
data sent
{"Protocol": "UDP", "RSSI": -50, "RTT": -1.0, "new_BSSID": false}
data sent
{"Protocol": "UDP", "RSSI": -50, "RTT": -1.0, "new_BSSID": false}
data sent
{"Protocol": "UDP", "RSSI": -50, "RTT": -1.0, "new_BSSID": false}
data sent
{"Protocol": "UDP", "RSSI": -50, "RTT": -1.0, "new_BSSID": false}
data sent
{"Protocol": "UDP", "RSSI": -50, "RTT": -1.0, "new_BSSID": false}
data sent
{"Protocol": "UDP", "RSSI": -50, "RTT": -1.0, "new_BSSID": false}
data sent
{"Protocol": "TCP", "RSSI": -50, "RTT": 0.0, "new_BSSID": false}
data sent
{"Protocol": "TCP", "RSSI": -50, "RTT": 0.000408, "new_BSSID": false}
data sent
{"Protocol": "TCP", "RSSI": -50, "RTT": 0.002452, "new_BSSID": false}
data sent
{"Protocol": "UDP", "RSSI": -50, "RTT": -1.0, "new_BSSID": false}
data sent
{"Protocol": "TCP", "RSSI": -50, "RTT": 0.0, "new_BSSID": false}
data sent
{"Protocol": "UDP", "RSSI": -50, "RTT": -1.0, "new_BSSID": false}
data sent
{"Protocol": "TCP", "RSSI": -50, "RTT": 0.044131, "new_BSSID": false}
data sent
{"Protocol": "UDP", "RSSI": -50, "RTT": -1.0, "new_BSSID": false}
data sent
{"Protocol": "TCP", "RSSI": -50, "RTT": 0.0, "new_BSSID": false}
data sent
{"Protocol": "TCP", "RSSI": -50, "RTT": 0.002197, "new_BSSID": false}
data sent
{"Protocol": "UDP", "RSSI": -50, "RTT": -1.0, "new_BSSID": false}
data sent
{"Protocol": "TCP", "RSSI": -50, "RTT": 0.0, "new_BSSID": false}
data sent
{"Protocol": "TCP", "RSSI": -50, "RTT": 0.0, "new_BSSID": false}
data sent
{"Protocol": "TCP", "RSSI": -50, "RTT": 0.000168, "new_BSSID": false}
data sent
{"Protocol": "TCP", "RSSI": -50, "RTT": 0.0, "new_BSSID": false}
data sent
{"Protocol": "UDP", "RSSI": -50, "RTT": -1.0, "new_BSSID": false}
data sent
{"Protocol": "UDP", "RSSI": -50, "RTT": -1.0, "new_BSSID": false}
data sent
{"Protocol": "TCP", "RSSI": -50, "RTT": 0.002366, "new_BSSID": false}
data sent
{"Protocol": "UDP", "RSSI": -50, "RTT": -1.0, "new_BSSID": false}
data sent
{"Protocol": "UDP", "RSSI": -50, "RTT": -1.0, "new_BSSID": false}
data sent
{"Protocol": "UDP", "RSSI": -50, "RTT": -1.0, "new_BSSID": false}
data sent
{"Protocol": "UDP", "RSSI": -50, "RTT": -1.0, "new_BSSID": false}
data sent
{"Protocol": "UDP", "RSSI": -50, "RTT": -1.0, "new_BSSID": false}
data sent
{"Protocol": "TCP", "RSSI": -50, "RTT": 0.0, "new_BSSID": false}
data sent
{"Protocol": "TCP", "RSSI": -50, "RTT": 0.035055, "new_BSSID": false}
data sent
{"Protocol": "TCP", "RSSI": -50, "RTT": 0.055974, "new_BSSID": false}
data sent
{"Protocol": "UDP", "RSSI": -50, "RTT": -1.0, "new_BSSID": false}
data sent
{"Protocol": "UDP", "RSSI": -50, "RTT": -1.0, "new_BSSID": false}
data sent
{"Protocol": "UDP", "RSSI": -50, "RTT": -1.0, "new_BSSID": false}
data sent
{"Protocol": "TCP", "RSSI": -50, "RTT": 0.0, "new_BSSID": false}
data sent
{"Protocol": "TCP", "RSSI": -50, "RTT": 0.006915, "new_BSSID": false}
data sent
{"Protocol": "TCP", "RSSI": -50, "RTT": 0.00037, "new_BSSID": false}
data sent
{"Protocol": "TCP", "RSSI": -50, "RTT": 0.004199, "new_BSSID": false}
data sent
{"Protocol": "TCP", "RSSI": -50, "RTT": 0.0, "new_BSSID": false}
data sent
{"Protocol": "TCP", "RSSI": -50, "RTT": 0.008184, "new_BSSID": false}
data sent
{"Protocol": "TCP", "RSSI": -50, "RTT": 0.000208, "new_BSSID": false}
data sent
{"Protocol": "UDP", "RSSI": -50, "RTT": -1.0, "new_BSSID": false}
data sent
{"Protocol": "UDP", "RSSI": -50, "RTT": -1.0, "new_BSSID": false}
data sent
{"Protocol": "TCP", "RSSI": -50, "RTT": 0.046651, "new_BSSID": false}
data sent
{"Protocol": "UDP", "RSSI": -50, "RTT": -1.0, "new_BSSID": false}
data sent
{"Protocol": "UDP", "RSSI": -50, "RTT": -1.0, "new_BSSID": false}
data sent
{"Protocol": "UDP", "RSSI": -50, "RTT": -1.0, "new_BSSID": false}
data sent
{"Protocol": "UDP", "RSSI": -50, "RTT": -1.0, "new_BSSID": false}
data sent
{"Protocol": "TCP", "RSSI": -50, "RTT": 0.0, "new_BSSID": false}
data sent
{"Protocol": "TCP", "RSSI": -50, "RTT": 0.003297, "new_BSSID": false}
data sent
{"Protocol": "TCP", "RSSI": -50, "RTT": 0.004703, "new_BSSID": false}
data sent
{"Protocol": "TCP", "RSSI": -50, "RTT": 0.0, "new_BSSID": false}
data sent
{"Protocol": "TCP", "RSSI": -50, "RTT": 0.0, "new_BSSID": false}
data sent
{"Protocol": "TCP", "RSSI": -50, "RTT": 0.0, "new_BSSID": false}
data sent
{"Protocol": "TCP", "RSSI": -50, "RTT": 0.0, "new_BSSID": false}
data sent
{"Protocol": "TCP", "RSSI": -50, "RTT": 0.0, "new_BSSID": false}
data sent
{"Protocol": "TCP", "RSSI": -50, "RTT": 0.0, "new_BSSID": false}
data sent
{"Protocol": "TCP", "RSSI": -50, "RTT": 0.000268, "new_BSSID": false}
data sent
{"Protocol": "UDP", "RSSI": -50, "RTT": -1.0, "new_BSSID": false}
data sent
{"Protocol": "UDP", "RSSI": -50, "RTT": -1.0, "new_BSSID": false}
data sent
{"Protocol": "UDP", "RSSI": -50, "RTT": -1.0, "new_BSSID": false}
data sent
{"Protocol": "UDP", "RSSI": -50, "RTT": -1.0, "new_BSSID": false}
data sent
{"Protocol": "UDP", "RSSI": -50, "RTT": -1.0, "new_BSSID": false}
data sent
{"Protocol": "UDP", "RSSI": -50, "RTT": -1.0, "new_BSSID": false}
data sent
{"Protocol": "UDP", "RSSI": -50, "RTT": -1.0, "new_BSSID": false}
data sent
{"Protocol": "UDP", "RSSI": -50, "RTT": -1.0, "new_BSSID": false}
data sent
{"Protocol": "UDP", "RSSI": -50, "RTT": -1.0, "new_BSSID": false}
data sent
{"Protocol": "UDP", "RSSI": -50, "RTT": -1.0, "new_BSSID": false}
data sent
{"Protocol": "UDP", "RSSI": -50, "RTT": -1.0, "new_BSSID": false}
data sent
{"Protocol": "UDP", "RSSI": -50, "RTT": -1.0, "new_BSSID": false}
data sent
{"Protocol": "UDP", "RSSI": -50, "RTT": -1.0, "new_BSSID": false}
data sent
{"Protocol": "UDP", "RSSI": -50, "RTT": -1.0, "new_BSSID": false}
data sent
{"Protocol": "UDP", "RSSI": -50, "RTT": -1.0, "new_BSSID": false}
data sent
{"Protocol": "UDP", "RSSI": -50, "RTT": -1.0, "new_BSSID": false}
data sent
{"Protocol": "TCP", "RSSI": -50, "RTT": 0.0, "new_BSSID": false}
data sent
{"Protocol": "TCP", "RSSI": -50, "RTT": 0.0, "new_BSSID": false}
data sent
{"Protocol": "TCP", "RSSI": -50, "RTT": 0.006553, "new_BSSID": false}
data sent
{"Protocol": "TCP", "RSSI": -50, "RTT": 0.006466, "new_BSSID": false}
data sent
{"Protocol": "TCP", "RSSI": -50, "RTT": 0.006466, "new_BSSID": false}
data sent
{"Protocol": "TCP", "RSSI": -100, "RTT": 0.0, "new_BSSID": false}
